epoch,beta,train_loss,train_reconstruction_loss,train_kl_unnormalized,train_kl_normalized
1,0.0,0.0699833604323603,0.0699833604323603,86.64913100917845,0.061848059249948927
2,0.08,0.07426098076096416,0.052739784203089064,376.89001086158476,0.26901499704609905
3,0.16,0.05254287060594907,0.04813171760009153,38.62515293594694,0.02756970230974086
4,0.24,0.04389674327995655,0.03741224667560445,37.85325026686174,0.02701873680718183
5,0.32,0.041251134888751664,0.03462210199693694,29.02273647280505,0.020715729102644576
6,0.4,0.040302129068078785,0.03403383868671682,21.95468585160527,0.015670725090367786
7,0.48,0.03752409710283697,0.034087321782199136,10.031085452894224,0.0071599467900743926
8,0.56,0.03696425011667022,0.03441285768890903,6.383039450123363,0.00455605956468477
9,0.64,0.03683130434938591,0.03421467599751305,5.727962493896484,0.004088481437470724
10,0.72,0.036281772664863696,0.033159719467380624,6.074995298455232,0.004336185080981607
11,0.8,0.03589524455150984,0.03235246842033672,6.204287570758457,0.004428470785694831
12,0.88,0.035049837191392035,0.03147542563668133,5.690625778950044,0.004061831391113522
13,0.96,0.034597795511031676,0.03023924469186442,6.360762672702761,0.004540158938403113
14,1.0,0.034245861408701776,0.029731213883326873,6.325021708968782,0.004514647900762871
15,1.0,0.03352026102969246,0.028784862699082297,6.634293615382953,0.004735398726183407
16,1.0,0.033439255081606604,0.028619519577626765,6.7524495542484475,0.0048197355847597765
17,1.0,0.03246207521670926,0.02730204001830442,7.229208848772258,0.00516003486707513
18,1.0,0.03155812729884238,0.02700769574972835,6.375154307288845,0.004550431339963487
19,1.0,0.031292524596635445,0.026797891533287772,6.296982163060321,0.004494633949364968
20,1.0,0.0313989616876101,0.026308487461757485,7.131756062055156,0.005090475419025807
21,1.0,0.03115600654787391,0.02590746306100466,7.353209791392305,0.005248543748317134
22,1.0,0.029841072911763713,0.024761390348855595,7.116634950150538,0.005079682334154559
23,1.0,0.029908104412203287,0.024825961947658636,7.120081720561006,0.005082142555718063
24,1.0,0.029620903197431218,0.024587892838855728,7.0512477533660665,0.005033010530596764
25,1.0,0.02942814894129325,0.02442496524185595,7.009460236904395,0.005003183609496356
26,0.0,0.02339767830541534,0.02339767830541534,8.067098144197116,0.005758100031546835
27,0.08,0.022203778154658575,0.02132924646139145,15.315231211864166,0.010931642549510468
28,0.16,0.02271544348693242,0.02012164849978294,22.711918030342048,0.016211219150850855
29,0.24,0.023058463200709246,0.019191620395566426,22.57269443038606,0.016111844704058572
30,0.32,0.023190412031364266,0.019069553373286325,18.041634789348517,0.012877683646929705
31,0.4,0.02276606254116462,0.018793251039120402,13.914772973443469,0.009932029245855439
32,0.48,0.022998840051845913,0.018973521167670725,11.748901179237087,0.008386082212160662
33,0.56,0.02371971636847423,0.019127652484135036,11.488360258784608,0.00820011438885411
34,0.64,0.024015963838918367,0.019139394014529937,10.675115571404895,0.0076196399510384686
35,0.72,0.024198956678818613,0.018984616604925942,10.146236189960563,0.007242138608108896
36,0.8,0.0246846047739913,0.019350796135781455,9.340831819241934,0.0066672603991734004
37,0.88,0.025234994444533858,0.01963410979259188,8.916863504117423,0.006364642044337918
38,0.96,0.02517644731994093,0.019436095467340337,8.377326721692608,0.005979533705704931
39,1.0,0.02534351783403515,0.019758544835078454,7.824546378894444,0.005584972433186612
40,1.0,0.024533280096676227,0.01912611291954552,7.575441363954196,0.005407167283336328
41,1.0,0.024793896470626776,0.019558463068882915,7.334842281619998,0.0052354334629693055
42,1.0,0.024634850150259742,0.019369479663071842,7.376783837367149,0.005265370333595395
43,1.0,0.024978169532370392,0.01903282029785379,8.329434701125987,0.0059453495368493835
44,1.0,0.025159790568108107,0.0197132679966897,7.630578079362856,0.005446522540587335
45,1.0,0.02485845660804397,0.019500626944494944,7.506319877875113,0.0053578300341721
46,1.0,0.02477092227905336,0.019466722642418242,7.431183815002441,0.005304199725198031
47,1.0,0.024640567505555433,0.01890289618966788,8.0384774382097,0.005737671262105425
48,1.0,0.02448875799666356,0.018997270586716866,7.693573238205736,0.005491486965171832
49,1.0,0.02496735200992901,0.019484696501906772,7.681200476458473,0.0054826555863372395
50,1.0,0.024841684372211896,0.019379983758078003,7.6518421938819605,0.005461700352521028
51,0.0,0.018009501978428693,0.018009501978428693,9.428733317521367,0.006730002367966714
52,0.08,0.01759888389467323,0.016587706615835647,17.708243975674147,0.01263971732739054
53,0.16,0.018248702079927834,0.015505262093115462,24.022243457989102,0.017146497828686012
54,0.24,0.01931629686133705,0.015420885321541424,22.739468985230385,0.016230884357766154
55,0.32,0.019805430930896397,0.015271991260186598,19.847965685990605,0.014166999062091795
56,0.4,0.020242977819412294,0.015480926749806334,16.679082313593288,0.011905126562165087
57,0.48,0.020682398651311867,0.016280583194355026,12.847799391642104,0.009170449244569667
58,0.56,0.021191276188423164,0.01677366446051067,11.051917723495595,0.007888592236613558
59,0.64,0.021634064900287745,0.016796496418053215,10.589739277415031,0.007558700412144919
60,0.72,0.022140361042353358,0.016761747929845413,10.465884744685932,0.007470296034750843
61,0.8,0.022681057249216267,0.017103668057570492,9.76740137503965,0.006971735456844861
62,0.88,0.022856070394933658,0.017328190270566594,8.800636583871215,0.006281682072713216
63,0.96,0.023351799574320334,0.01764422570810701,8.329491197627826,0.005945389862689383
64,1.0,0.02395969146631495,0.018199675369763028,8.069781839412494,0.005760015588445749
65,1.0,0.023428824791399232,0.01732768940936475,8.54769117814781,0.00610113574457374
66,1.0,0.023804986047266174,0.018347177926423777,7.646388809176257,0.0054578078580844085
67,1.0,0.023692307708254697,0.01803298222485685,7.928715027161759,0.005659325501186123
68,1.0,0.023711563489080347,0.017804146887068332,8.276290705604275,0.005907416634978069
69,1.0,0.023893218147602393,0.0183523329260358,7.76277976488545,0.005540884914265133
70,1.0,0.023354842715019728,0.017613310394060874,8.043886609321094,0.005741532197945106
71,1.0,0.022981879906388964,0.017373252728015837,7.857686954693203,0.005608627376654678
72,1.0,0.02329203255311416,0.017840217649392837,7.63799247950533,0.005451814760531999
73,1.0,0.023574881799464677,0.018135998873923816,7.61987538581347,0.005438883216140949
74,1.0,0.02326677084295419,0.017444805316898945,8.156573654091272,0.005821965491856725
75,1.0,0.023806192116798276,0.018172229130337707,7.89318253524112,0.005633963265696731
76,0.0,0.016777655843944445,0.016777655843944445,9.464132371610098,0.0067552693587509625
77,0.08,0.016006772780287875,0.01507438563598986,16.328420416282043,0.011654832559801601
78,0.16,0.01670220167967525,0.01431615854593089,20.892792137869954,0.014912770976352572
79,0.24,0.017860858096149717,0.014153639378066915,21.640888478634132,0.015446744096098594
80,0.32,0.01851963994168017,0.01414901460011075,19.135144644410072,0.013658204599864434
81,0.4,0.019042257301128695,0.014487510111971493,15.953002470253157,0.0113868682871186
82,0.48,0.019438766609251933,0.014946547330078417,13.111665600407733,0.009358790578449488
83,0.56,0.019955061743185468,0.015560056416005113,10.995360840846152,0.007848223298248502
84,0.64,0.020524145246748508,0.01566952034613512,10.627077979763058,0.007585351877061426
85,0.72,0.02112233039182033,0.015864087459053437,10.231663926674502,0.0073031148655778024
86,0.8,0.02114459064646359,0.015642522242817567,9.635496950497592,0.006877585260883363
87,0.88,0.022092904528453403,0.016659332752010248,8.650493851543343,0.00617451381266477
88,0.96,0.02268066326577733,0.016085871760427518,9.624274295611974,0.006869574800579567
89,1.0,0.022686849001550328,0.01645819829219449,8.726339799644304,0.006228650820588369
90,1.0,0.022467798696164668,0.017044227801426483,7.598422081801143,0.005423570365311308
91,1.0,0.022644711535995024,0.017065448285399996,7.816547804505285,0.005579263243758233
92,1.0,0.02265477400735347,0.017213009977645247,7.623911930696807,0.005441764404494509
93,1.0,0.02248231834140572,0.016834396977711767,7.912738333653359,0.005647921722807537
94,1.0,0.022461710076262482,0.016505007448531415,8.345340032647126,0.005956702378763117
95,1.0,0.02225199393438597,0.016400832478908726,8.19747705529206,0.0058511613528137475
96,1.0,0.02226186840094789,0.016715444699201706,7.770539823239737,0.0055464238567021675
97,1.0,0.022807228820819925,0.017273497053959072,7.7527588475359615,0.005533732225221957
98,1.0,0.021815651143989423,0.01581073928977886,8.412881739818268,0.006004912019856009
99,1.0,0.02206597197121077,0.01663208068994275,7.612881413341439,0.005433891087324368
