stage,scenario,model,representation,seed,vae_kl_unnormalized_per_observation,vae_kl_normalized,vae_mean_kl_per_latent_dimension,vae_median_kl_per_latent_dimension,vae_max_kl_per_latent_dimension,vae_active_units_var_mu_gt_0_01,vae_dimensions_mean_kl_gt_0_01,vae_posterior_mean_absolute_mu,vae_posterior_mean_log_variance,vae_posterior_sample_reconstruction_variability
outer,nato_outer_o0__train_strict_core__test_strict_core,c8x16_z64_spectral_composite_beta1_cyclical_4,arpls_minmax,1729,7.194795000587019,0.005135471092496,0.1124186718841721,0.0088334888694402,1.4070525790677004,47,28,0.1699220954827385,-0.2301041743937884,0.0378091372549533
outer,nato_outer_o0__train_strict_core__test_strict_core,c8x16_z64_spectral_composite_beta1_cyclical_4,arpls_minmax,2718,7.1550087637689295,0.0051070726365231,0.1117970119338895,0.0114146980238965,1.519280461972644,50,40,0.1981311476885225,-0.2308946033077822,0.0390942394733428
outer,nato_outer_o0__train_strict_core__test_strict_core,c8x16_z64_spectral_composite_beta1_cyclical_4,arpls_minmax,3141,6.940656769618154,0.004954073354474,0.1084477620252836,0.0116115848807745,1.657772242772472,47,35,0.1783478334653822,-0.2208639424637905,0.0399145409464836
outer,nato_outer_o0__train_strict_core__test_strict_core,c8x16_z64_spectral_composite_beta1_cyclical_4,minimal_minmax,1729,7.665878233138942,0.0054717189387144,0.119779347392796,0.0087817355294942,1.407877276102632,43,26,0.1709728016192041,-0.2370671576919156,0.0444649085402488
outer,nato_outer_o0__train_strict_core__test_strict_core,c8x16_z64_spectral_composite_beta1_cyclical_4,minimal_minmax,2718,8.106365847044136,0.0057861283704811,0.1266619663600646,0.0091258763656131,1.707112869382457,43,29,0.1781778095222188,-0.2528468137744115,0.0395862124860286
outer,nato_outer_o0__train_strict_core__test_strict_core,c8x16_z64_spectral_composite_beta1_cyclical_4,minimal_minmax,3141,7.595412909604589,0.0054214224907955,0.1186783267125717,0.0126051639814035,1.669551618880312,50,37,0.1849376975216826,-0.2373485839985584,0.0434456467628479
outer,nato_outer_o0__train_quality_pass__test_quality_pass,c8x16_z64_spectral_composite_beta1_cyclical_4,arpls_minmax,1729,7.55370252093731,0.005391650621654,0.1180266018896455,0.0186939953877784,1.3779506150126777,59,52,0.2144355039982519,-0.2539443167927104,0.0397992432117462
outer,nato_outer_o0__train_quality_pass__test_quality_pass,c8x16_z64_spectral_composite_beta1_cyclical_4,arpls_minmax,2718,7.467349330437231,0.0053300137975997,0.1166773332880817,0.019216833248221,1.77018117109344,61,49,0.2150630403658105,-0.2410356282937278,0.037817932665348
outer,nato_outer_o0__train_quality_pass__test_quality_pass,c8x16_z64_spectral_composite_beta1_cyclical_4,arpls_minmax,3141,7.450034625059964,0.0053176549786295,0.1164067910165619,0.0185975404750912,1.5585617632383943,60,51,0.2219668241178685,-0.2391096949328252,0.0410179607570171
outer,nato_outer_o0__train_quality_pass__test_quality_pass,c8x16_z64_spectral_composite_beta1_cyclical_4,minimal_minmax,1729,8.395193654744586,0.0059922866914665,0.1311749008553841,0.0241712136947918,1.8144573139747664,61,52,0.2159149989210146,-0.255824484667981,0.0435933507978916
outer,nato_outer_o0__train_quality_pass__test_quality_pass,c8x16_z64_spectral_composite_beta1_cyclical_4,minimal_minmax,2718,8.553153744842986,0.0061050347928929,0.1336430272631716,0.0121613015779529,1.8423367757557323,52,38,0.1983804410412236,-0.268662216205681,0.0425943061709404
outer,nato_outer_o0__train_quality_pass__test_quality_pass,c8x16_z64_spectral_composite_beta1_cyclical_4,minimal_minmax,3141,8.841842806443317,0.0063110940802593,0.1381537938506768,0.0124131181928981,1.6165734076167335,54,37,0.1968896130835466,-0.2760210804960823,0.0418973565101623
outer,nato_outer_o0__train_quality_pass__test_field_quality_stress,c8x16_z64_spectral_composite_beta1_cyclical_4,arpls_minmax,1729,5.598089236719873,0.0039957810397715,0.087470144323748,0.0094800987612127,1.43186957949631,21,31,0.1638925100652462,-0.2641426121010681,0.0632656216621398
outer,nato_outer_o0__train_quality_pass__test_field_quality_stress,c8x16_z64_spectral_composite_beta1_cyclical_4,arpls_minmax,2718,5.74086399962442,0.0040976902210024,0.0897009999941315,0.0108496064434743,1.596744606301978,31,34,0.1628278730740324,-0.2726984673478,0.0573633909225463
outer,nato_outer_o0__train_quality_pass__test_field_quality_stress,c8x16_z64_spectral_composite_beta1_cyclical_4,arpls_minmax,3141,5.928161958801,0.0042313789855824,0.0926275306062656,0.0117737710281277,1.402938237360267,24,38,0.1856574380765172,-0.2796704523018282,0.0624129436910152
outer,nato_outer_o0__train_quality_pass__test_field_quality_stress,c8x16_z64_spectral_composite_beta1_cyclical_4,minimal_minmax,1729,5.727145554758641,0.0040878983260232,0.0894866492931037,0.0144028976245574,1.2443268194461874,42,41,0.1677680156655697,-0.2592822708711537,0.0602944269776344
outer,nato_outer_o0__train_quality_pass__test_field_quality_stress,c8x16_z64_spectral_composite_beta1_cyclical_4,minimal_minmax,2718,6.4326095942622095,0.0045914415376603,0.100509524910347,0.0079007137928166,1.1770471913138534,28,26,0.1544740165211957,-0.2912865578685644,0.0546095110476017
outer,nato_outer_o0__train_quality_pass__test_field_quality_stress,c8x16_z64_spectral_composite_beta1_cyclical_4,minimal_minmax,3141,6.39335838092838,0.0045634249685427,0.0998962247020059,0.0100078100900507,1.190633075547886,24,32,0.1580273489425356,-0.2875251018755686,0.0543619692325592
outer,nato_outer_o1__train_strict_core__test_strict_core,c8x16_z64_spectral_composite_beta1_cyclical_4,arpls_minmax,1729,6.331394688810226,0.0045191967800215,0.0989280420126597,0.0114364959772422,1.6137161129346198,53,35,0.1840206910595066,-0.2035653906241474,0.0342763289809227
outer,nato_outer_o1__train_strict_core__test_strict_core,c8x16_z64_spectral_composite_beta1_cyclical_4,arpls_minmax,2718,7.329894315994,0.0052319017244782,0.1145295986874062,0.012301051575815,1.6893213249371564,53,39,0.195885534052045,-0.2179724341049566,0.0374334007501602
outer,nato_outer_o1__train_strict_core__test_strict_core,c8x16_z64_spectral_composite_beta1_cyclical_4,arpls_minmax,3141,6.528050590789117,0.0046595650184076,0.1020007904810799,0.0042515650932332,1.5110959388166314,21,16,0.1526745006330555,-0.2022307728503111,0.0372373200953006
outer,nato_outer_o1__train_strict_core__test_strict_core,c8x16_z64_spectral_composite_beta1_cyclical_4,minimal_minmax,1729,8.169044863641412,0.0058308671403578,0.1276413259943971,0.0069200452141532,1.7000764722924089,34,19,0.1667262652865644,-0.2530229495503308,0.039833515882492
outer,nato_outer_o1__train_strict_core__test_strict_core,c8x16_z64_spectral_composite_beta1_cyclical_4,minimal_minmax,2718,8.027349632459478,0.0057297285028261,0.1254273380071793,0.0096858765802697,1.7575465510508474,43,32,0.1717779593708495,-0.2424601978004438,0.0396708622574806
outer,nato_outer_o1__train_strict_core__test_strict_core,c8x16_z64_spectral_composite_beta1_cyclical_4,minimal_minmax,3141,8.211402667014127,0.0058611011184968,0.1283031666720957,0.0071321109661485,1.814116543771272,35,25,0.1721943234890592,-0.2570575034126742,0.0402482450008392
outer,nato_outer_o1__train_quality_pass__test_quality_pass,c8x16_z64_spectral_composite_beta1_cyclical_4,arpls_minmax,1729,7.668343763668142,0.0054734787749237,0.1198178713073147,0.0180810721986931,1.325387721555419,60,52,0.2180637137503232,-0.2477432887547124,0.0360241867601871
outer,nato_outer_o1__train_quality_pass__test_quality_pass,c8x16_z64_spectral_composite_beta1_cyclical_4,arpls_minmax,2718,7.46341473195552,0.0053272053761281,0.1166158551868049,0.0147525839864995,1.609062297990019,46,43,0.1987021556621353,-0.2315551557157315,0.0394645072519779
outer,nato_outer_o1__train_quality_pass__test_quality_pass,c8x16_z64_spectral_composite_beta1_cyclical_4,arpls_minmax,3141,7.9936823260808145,0.0057056975917778,0.1249012863450127,0.013789946482161,1.2963031158687284,55,44,0.223373205805776,-0.2560865111236169,0.0396776646375656
outer,nato_outer_o1__train_quality_pass__test_quality_pass,c8x16_z64_spectral_composite_beta1_cyclical_4,minimal_minmax,1729,8.745329348404876,0.0062422051023589,0.1366457710688261,0.0155791479098646,1.843016571919198,61,52,0.2211749387534474,-0.2745311762705394,0.040848609060049
outer,nato_outer_o1__train_quality_pass__test_quality_pass,c8x16_z64_spectral_composite_beta1_cyclical_4,minimal_minmax,2718,8.090385074351014,0.0057747216804789,0.1264122667867346,0.0128440387885667,1.6396215836048174,56,44,0.2121873442731694,-0.2429971728365409,0.0445593632757663
outer,nato_outer_o1__train_quality_pass__test_quality_pass,c8x16_z64_spectral_composite_beta1_cyclical_4,minimal_minmax,3141,8.0982148413506,0.0057803103792652,0.1265346068961031,0.0171270740428062,1.467681222945039,58,48,0.2199440703240699,-0.2609277926641742,0.0447380505502224
outer,nato_outer_o1__train_quality_pass__test_field_quality_stress,c8x16_z64_spectral_composite_beta1_cyclical_4,arpls_minmax,1729,5.471566612915461,0.0039054722433372,0.085493228326804,0.0118853270058744,1.462828469871763,25,40,0.1602367023645039,-0.2609630753628152,0.0542570799589157
outer,nato_outer_o1__train_quality_pass__test_field_quality_stress,c8x16_z64_spectral_composite_beta1_cyclical_4,arpls_minmax,2718,4.8938394711494935,0.0034931045475728,0.0764662417367108,0.0087527470482085,1.315518397402013,20,30,0.1256815250002546,-0.2488083178031956,0.0631616115570068
outer,nato_outer_o1__train_quality_pass__test_field_quality_stress,c8x16_z64_spectral_composite_beta1_cyclical_4,arpls_minmax,3141,6.215199854622459,0.0044362597106512,0.0971124977284759,0.0132323483451294,1.144613701982616,21,39,0.182242443806308,-0.2885285744646884,0.0538350231945514
outer,nato_outer_o1__train_quality_pass__test_field_quality_stress,c8x16_z64_spectral_composite_beta1_cyclical_4,minimal_minmax,1729,6.332491000075341,0.0045199793005534,0.0989451718761772,0.0115215406965883,1.4906014619051058,32,34,0.1611277299964664,-0.3099979840190523,0.0543746426701545
outer,nato_outer_o1__train_quality_pass__test_field_quality_stress,c8x16_z64_spectral_composite_beta1_cyclical_4,minimal_minmax,2718,5.035258110881704,0.0035940457608006,0.0786759079825266,0.0102027563172408,0.9287764392178194,28,32,0.1435485092707192,-0.2534900114811534,0.0649259090423584
outer,nato_outer_o1__train_quality_pass__test_field_quality_stress,c8x16_z64_spectral_composite_beta1_cyclical_4,minimal_minmax,3141,5.516060347639807,0.0039372307977443,0.0861884429318719,0.0144323613157735,1.001429639839342,33,36,0.1461300654592757,-0.2894122483893928,0.0601252913475036
outer,nato_outer_o2__train_strict_core__test_strict_core,c8x16_z64_spectral_composite_beta1_cyclical_4,arpls_minmax,1729,7.301875431725397,0.0052119025208603,0.1140918036207093,0.009202284851831,1.4391852786444082,43,30,0.175958524568855,-0.2345944122914158,0.038292109966278
outer,nato_outer_o2__train_strict_core__test_strict_core,c8x16_z64_spectral_composite_beta1_cyclical_4,arpls_minmax,2718,7.107971739369875,0.0050734987433046,0.1110620584276543,0.010726282799971,1.144292264256746,47,33,0.1951763594599123,-0.2276259797715719,0.0450000092387199
outer,nato_outer_o2__train_strict_core__test_strict_core,c8x16_z64_spectral_composite_beta1_cyclical_4,arpls_minmax,3141,6.494108916694143,0.0046353382703027,0.1014704518233459,0.0104204262808017,1.7126677984710292,43,33,0.1767474542533282,-0.2100840571484005,0.036867219954729
outer,nato_outer_o2__train_strict_core__test_strict_core,c8x16_z64_spectral_composite_beta1_cyclical_4,minimal_minmax,1729,8.368149690428705,0.0059729833621903,0.1307523389129485,0.007019003806773,1.8016275069927548,29,22,0.1778148905703455,-0.270548697623943,0.0473126769065856
outer,nato_outer_o2__train_strict_core__test_strict_core,c8x16_z64_spectral_composite_beta1_cyclical_4,minimal_minmax,2718,7.835338413931157,0.0055926755274312,0.1224271627176743,0.0100721381184283,1.784523765631534,47,32,0.1743629294893471,-0.2497070585410245,0.0443031191825866
outer,nato_outer_o2__train_strict_core__test_strict_core,c8x16_z64_spectral_composite_beta1_cyclical_4,minimal_minmax,3141,7.758195977298678,0.0055376131172724,0.1212218121452918,0.0085806727873997,1.463605164204851,43,30,0.1727278270423123,-0.2430065260576946,0.0448527261614799
outer,nato_outer_o2__train_quality_pass__test_quality_pass,c8x16_z64_spectral_composite_beta1_cyclical_4,arpls_minmax,1729,7.437552069813082,0.0053087452318437,0.1162117510908293,0.0262713520145002,1.6049261493524014,58,51,0.2238740032170641,-0.245622049958383,0.0421513058245182
outer,nato_outer_o2__train_quality_pass__test_quality_pass,c8x16_z64_spectral_composite_beta1_cyclical_4,arpls_minmax,2718,8.449832989649556,0.0060312869305136,0.1320286404632742,0.0157219496898756,1.2561607528508076,57,55,0.2129628054681904,-0.283680891205417,0.0454765632748603
outer,nato_outer_o2__train_quality_pass__test_quality_pass,c8x16_z64_spectral_composite_beta1_cyclical_4,arpls_minmax,3141,7.332180689816517,0.0052335336829525,0.1145653232783831,0.013895885914703,1.482376434416782,54,41,0.191226842114557,-0.2350079722671845,0.0400282256305217
outer,nato_outer_o2__train_quality_pass__test_quality_pass,c8x16_z64_spectral_composite_beta1_cyclical_4,minimal_minmax,1729,8.115371362218712,0.0057925562899491,0.1268026775346673,0.0117991155402272,1.8826334775952935,52,40,0.1937589715254872,-0.2548605485406705,0.0455318167805671
outer,nato_outer_o2__train_quality_pass__test_quality_pass,c8x16_z64_spectral_composite_beta1_cyclical_4,minimal_minmax,2718,8.616585304607309,0.0061503107099267,0.1346341453844891,0.0115953890222224,1.7105301877078876,46,35,0.1879584179723679,-0.2806713536085214,0.0428877733647823
outer,nato_outer_o2__train_quality_pass__test_quality_pass,c8x16_z64_spectral_composite_beta1_cyclical_4,minimal_minmax,3141,8.95275191866478,0.0063902583288114,0.1398867487291372,0.0164245357851685,1.7480057138568426,58,42,0.2122790199029048,-0.2855532432303765,0.0441476553678512
outer,nato_outer_o2__train_quality_pass__test_field_quality_stress,c8x16_z64_spectral_composite_beta1_cyclical_4,arpls_minmax,1729,6.388378991636236,0.0045598708005968,0.0998184217443161,0.0141054219139806,2.2880912106523668,29,45,0.1801138868813723,-0.2966886956110102,0.0658202320337295
outer,nato_outer_o2__train_quality_pass__test_field_quality_stress,c8x16_z64_spectral_composite_beta1_cyclical_4,arpls_minmax,2718,8.123094146865846,0.0057980686273132,0.1269233460447788,0.0223625443061166,2.194341931006936,18,52,0.209391287753285,-0.360315207903444,0.0691141709685325
outer,nato_outer_o2__train_quality_pass__test_field_quality_stress,c8x16_z64_spectral_composite_beta1_cyclical_4,arpls_minmax,3141,6.990849850459378,0.004989899964639,0.1092320289134278,0.0124039956127579,2.798296272884353,27,34,0.1618204636422846,-0.2866145105733308,0.0608299635350704
outer,nato_outer_o2__train_quality_pass__test_field_quality_stress,c8x16_z64_spectral_composite_beta1_cyclical_4,minimal_minmax,1729,6.28749097143779,0.0044878593657657,0.0982420464287154,0.0100452374847482,1.306860507664536,32,32,0.1527464190787048,-0.2812188636518675,0.0602314509451389
outer,nato_outer_o2__train_quality_pass__test_field_quality_stress,c8x16_z64_spectral_composite_beta1_cyclical_4,minimal_minmax,2718,6.760888056571685,0.0048257587841339,0.1056388758839325,0.0077620040829008,1.307678760610531,22,22,0.1415802874426659,-0.2986684848959943,0.0599690452218055
outer,nato_outer_o2__train_quality_pass__test_field_quality_stress,c8x16_z64_spectral_composite_beta1_cyclical_4,minimal_minmax,3141,6.982831156055557,0.0049841764140296,0.1091067368133681,0.0119474006024783,1.2133115317528296,35,36,0.1680821377780872,-0.3173267340559753,0.0613822937011718
outer,nato_outer_o3__train_strict_core__test_strict_core,c8x16_z64_spectral_composite_beta1_cyclical_4,arpls_minmax,1729,7.260197030319921,0.0051821534834546,0.1134405785987487,0.0089358397885135,1.4508339161314532,43,30,0.170932799844392,-0.2166166327427665,0.0359942391514778
outer,nato_outer_o3__train_strict_core__test_strict_core,c8x16_z64_spectral_composite_beta1_cyclical_4,arpls_minmax,2718,7.072906532124611,0.005048470044343,0.110514164564447,0.0093720024064297,1.4036354150216217,43,30,0.177998779371732,-0.2132988061365656,0.0383117273449897
outer,nato_outer_o3__train_strict_core__test_strict_core,c8x16_z64_spectral_composite_beta1_cyclical_4,arpls_minmax,3141,7.05263904885637,0.0050340036037518,0.1101974851383807,0.0070031134271695,1.5379925293424614,34,20,0.1653876901204313,-0.2215783773380877,0.0368825793266296
outer,nato_outer_o3__train_strict_core__test_strict_core,c8x16_z64_spectral_composite_beta1_cyclical_4,minimal_minmax,1729,8.131517584202872,0.0058040810736637,0.1270549622531698,0.0071707495699822,1.4096051205896216,35,22,0.1757371001083176,-0.2584546630581513,0.0448594242334365
outer,nato_outer_o3__train_strict_core__test_strict_core,c8x16_z64_spectral_composite_beta1_cyclical_4,minimal_minmax,2718,8.25546069050756,0.0058925486727391,0.1289915732891806,0.0097425282263869,1.6419066803545594,43,31,0.1878987179733068,-0.2558658376258932,0.0445776917040348
outer,nato_outer_o3__train_strict_core__test_strict_core,c8x16_z64_spectral_composite_beta1_cyclical_4,minimal_minmax,3141,7.47953628812024,0.0053387125539759,0.1168677545018787,0.0080156766400935,1.823405980114736,41,27,0.1652087948528446,-0.2330572256084186,0.035487450659275
outer,nato_outer_o3__train_quality_pass__test_quality_pass,c8x16_z64_spectral_composite_beta1_cyclical_4,arpls_minmax,1729,8.175360550480201,0.0058353751252535,0.1277400086012531,0.0228623800890296,1.450340790941136,63,56,0.233249865612102,-0.2583291039129315,0.0375191159546375
outer,nato_outer_o3__train_quality_pass__test_quality_pass,c8x16_z64_spectral_composite_beta1_cyclical_4,arpls_minmax,2718,7.171095657717847,0.0051185550733175,0.1120483696518413,0.017407671433212,1.7785660675468928,57,53,0.2164485665598009,-0.2224297583694162,0.0398756638169288
outer,nato_outer_o3__train_quality_pass__test_quality_pass,c8x16_z64_spectral_composite_beta1_cyclical_4,arpls_minmax,3141,7.752751958590014,0.0055337273080585,0.121136749352969,0.0202202870561358,1.2413103838690212,62,53,0.2303461771411907,-0.2291653969989477,0.0380169861018657
outer,nato_outer_o3__train_quality_pass__test_quality_pass,c8x16_z64_spectral_composite_beta1_cyclical_4,minimal_minmax,1729,8.647263163826095,0.0061722078257145,0.1351134869347827,0.0094777830967755,1.4952117522372683,36,29,0.1819081438113316,-0.272983096431087,0.0439832098782062
outer,nato_outer_o3__train_quality_pass__test_quality_pass,c8x16_z64_spectral_composite_beta1_cyclical_4,minimal_minmax,2718,8.29890648760517,0.0059235592345504,0.1296704138688307,0.0074859716337713,1.596804929439486,43,26,0.1883484849309586,-0.2638925980367065,0.0440739765763282
outer,nato_outer_o3__train_quality_pass__test_quality_pass,c8x16_z64_spectral_composite_beta1_cyclical_4,minimal_minmax,3141,8.565631567203678,0.0061139411614587,0.1338379932375574,0.0219820229561294,1.581260838667764,61,46,0.2380314445057399,-0.2615514852828279,0.0457319915294647
outer,nato_outer_o3__train_quality_pass__test_field_quality_stress,c8x16_z64_spectral_composite_beta1_cyclical_4,arpls_minmax,1729,7.02592806236797,0.0050149379460156,0.1097801259744995,0.0193046135842321,1.6631402068878371,47,50,0.2063670996337206,-0.2859042873087195,0.0540765561163425
outer,nato_outer_o3__train_quality_pass__test_field_quality_stress,c8x16_z64_spectral_composite_beta1_cyclical_4,arpls_minmax,2718,5.453783613933204,0.0038927791676896,0.0852153689677063,0.0126890523557911,1.5496893809780663,33,39,0.1680176975320902,-0.2491006649391142,0.0594397000968456
outer,nato_outer_o3__train_quality_pass__test_field_quality_stress,c8x16_z64_spectral_composite_beta1_cyclical_4,arpls_minmax,3141,5.763942525330045,0.0041141631158672,0.0900616019582819,0.0147686801689348,1.217393343579196,35,42,0.177977320422925,-0.2476357080413795,0.0577620863914489
outer,nato_outer_o3__train_quality_pass__test_field_quality_stress,c8x16_z64_spectral_composite_beta1_cyclical_4,minimal_minmax,1729,5.987007696199751,0.0042733816532475,0.0935469952531211,0.0083961761048034,0.9106798040801056,31,28,0.1403650084357171,-0.2638856667874854,0.0681766122579574
outer,nato_outer_o3__train_quality_pass__test_field_quality_stress,c8x16_z64_spectral_composite_beta1_cyclical_4,minimal_minmax,2718,5.535443370583445,0.0039510659318939,0.0864913026653663,0.0096816044179796,1.1433513802663111,29,30,0.1525399518189882,-0.2713885168966858,0.058627501130104
outer,nato_outer_o3__train_quality_pass__test_field_quality_stress,c8x16_z64_spectral_composite_beta1_cyclical_4,minimal_minmax,3141,5.707455797041564,0.0040738442519925,0.0891789968287744,0.0192442349345,0.9613809210317912,46,41,0.191278233203057,-0.2604062292124294,0.0681416690349578
outer,nato_outer_o4__train_strict_core__test_strict_core,c8x16_z64_spectral_composite_beta1_cyclical_4,arpls_minmax,1729,7.077556380498079,0.0050517889939315,0.1105868184452824,0.0125269688556948,1.6853920411518404,52,40,0.1833362024779035,-0.2305359744568668,0.0376738831400871
outer,nato_outer_o4__train_strict_core__test_strict_core,c8x16_z64_spectral_composite_beta1_cyclical_4,arpls_minmax,2718,7.6776630186050845,0.0054801306342648,0.1199634846657044,0.0074036918483066,1.728002252095131,38,25,0.1735880042918604,-0.2442884020756684,0.0370974391698837
outer,nato_outer_o4__train_strict_core__test_strict_core,c8x16_z64_spectral_composite_beta1_cyclical_4,arpls_minmax,3141,6.775939348200764,0.0048365020329769,0.1058740523156369,0.0083046174371484,1.8303398878386463,42,27,0.1591657290027797,-0.2115030317947399,0.0362514182925224
outer,nato_outer_o4__train_strict_core__test_strict_core,c8x16_z64_spectral_composite_beta1_cyclical_4,minimal_minmax,1729,7.355598118216085,0.005250248478384,0.1149312205971263,0.0151282352574797,1.5145692672199256,54,41,0.1900793950521435,-0.2468108009045427,0.0433777086436748
outer,nato_outer_o4__train_strict_core__test_strict_core,c8x16_z64_spectral_composite_beta1_cyclical_4,minimal_minmax,2718,7.280674995095523,0.0051967701606677,0.1137605467983675,0.0064579208594951,1.7236690859606465,34,23,0.1693483163438328,-0.2451850314839941,0.043915070593357
outer,nato_outer_o4__train_strict_core__test_strict_core,c8x16_z64_spectral_composite_beta1_cyclical_4,minimal_minmax,3141,7.596419439295854,0.005422140927406,0.1186940537389977,0.0118910340454093,1.61685989893353,53,36,0.1860912693808071,-0.2433829359160508,0.0422986447811126
outer,nato_outer_o4__train_quality_pass__test_quality_pass,c8x16_z64_spectral_composite_beta1_cyclical_4,arpls_minmax,1729,7.575219491160278,0.0054070089158888,0.1183628045493793,0.0139440647161502,1.5167743783958365,56,39,0.2038414822719371,-0.2424667106688913,0.0371340699493885
outer,nato_outer_o4__train_quality_pass__test_quality_pass,c8x16_z64_spectral_composite_beta1_cyclical_4,arpls_minmax,2718,7.297386812430875,0.0052086986526986,0.1140216689442324,0.0099032334707972,1.5036414310085098,49,32,0.1879279028949056,-0.2323660351098776,0.0368054136633873
outer,nato_outer_o4__train_quality_pass__test_quality_pass,c8x16_z64_spectral_composite_beta1_cyclical_4,arpls_minmax,3141,7.033673985824592,0.0050204667993037,0.1099011560285092,0.0171397160276699,1.5424703544240648,61,49,0.2090228349644939,-0.2237929304430799,0.0392521172761917
outer,nato_outer_o4__train_quality_pass__test_quality_pass,c8x16_z64_spectral_composite_beta1_cyclical_4,minimal_minmax,1729,8.302425194356859,0.0059260708025388,0.1297253936618259,0.0163149821943743,1.5421960796515657,54,44,0.2078189775862066,-0.2636769262033963,0.0437487363815307
outer,nato_outer_o4__train_quality_pass__test_quality_pass,c8x16_z64_spectral_composite_beta1_cyclical_4,minimal_minmax,2718,7.63041399585666,0.0054464054217392,0.1192252186852603,0.008557229341759,1.5162951000631886,36,28,0.1634186872296309,-0.2479413242387458,0.0376842357218265
outer,nato_outer_o4__train_quality_pass__test_quality_pass,c8x16_z64_spectral_composite_beta1_cyclical_4,minimal_minmax,3141,7.833735992430473,0.0055915317576234,0.1224021248817261,0.017736743281017,1.6178694976098862,60,48,0.2039059200040721,-0.2554329166359276,0.0437146052718162
outer,nato_outer_o4__train_quality_pass__test_field_quality_stress,c8x16_z64_spectral_composite_beta1_cyclical_4,arpls_minmax,1729,6.566977927177113,0.004687350411975,0.1026090301121424,0.0112823952043115,1.919596276811001,40,36,0.1759207836412147,-0.2722322849355923,0.0554989278316497
outer,nato_outer_o4__train_quality_pass__test_field_quality_stress,c8x16_z64_spectral_composite_beta1_cyclical_4,arpls_minmax,2718,6.541820116344912,0.0046693933735509,0.1022159393178892,0.0087100969422047,1.6677494797897086,30,28,0.1578211029394946,-0.2784783746973752,0.0562059469521045
outer,nato_outer_o4__train_quality_pass__test_field_quality_stress,c8x16_z64_spectral_composite_beta1_cyclical_4,arpls_minmax,3141,6.588279357839925,0.0047025548592718,0.1029418649662488,0.0144331251531605,1.6579298836399416,44,39,0.187813783473374,-0.2725898177676821,0.0608686208724975
outer,nato_outer_o4__train_quality_pass__test_field_quality_stress,c8x16_z64_spectral_composite_beta1_cyclical_4,minimal_minmax,1729,6.609517643438245,0.004717714235145,0.1032737131787226,0.0166332045751892,0.9931471343741068,42,46,0.1855068374618861,-0.2862557523331454,0.064940370619297
outer,nato_outer_o4__train_quality_pass__test_field_quality_stress,c8x16_z64_spectral_composite_beta1_cyclical_4,minimal_minmax,2718,5.7912981990597885,0.0041336889358028,0.0904890343603091,0.0094798913694021,1.001828760950205,30,29,0.1509643205797012,-0.2486279615417246,0.0611757710576057
outer,nato_outer_o4__train_quality_pass__test_field_quality_stress,c8x16_z64_spectral_composite_beta1_cyclical_4,minimal_minmax,3141,6.485012652933916,0.0046288455766837,0.1013283227020924,0.0155122276666663,1.190126270496035,55,47,0.1745372562322195,-0.2756138813741889,0.0611032657325267
poster,poster_holdout_Ag,c8x16_z64_spectral_composite_beta1_cyclical_4,arpls_minmax,1729,5.533773589994049,0.0039498740827937,0.086465212343657,0.0571308426280348,0.3139359245894317,63,63,0.2856562813330826,-0.2405550234752324,0.0534156933426857
poster,poster_holdout_Ag,c8x16_z64_spectral_composite_beta1_cyclical_4,arpls_minmax,2718,4.691012758349971,0.0033483317332976,0.0732970743492182,0.0493356040486125,0.3308299047390837,62,61,0.2713271239644382,-0.1810063085830188,0.0493460483849048
poster,poster_holdout_Ag,c8x16_z64_spectral_composite_beta1_cyclical_4,arpls_minmax,3141,6.008554973044217,0.0042887615796175,0.0938836714538158,0.0544323593167438,0.4654948403476479,63,64,0.2894722149008946,-0.2596326008164032,0.051161739975214
poster,poster_holdout_Ag,c8x16_z64_spectral_composite_beta1_cyclical_4,minimal_minmax,1729,8.949305241561355,0.0063877981738482,0.1398328943993961,0.0714731465524341,0.7834959407579002,58,63,0.3502145005442768,-0.3364657258083995,0.0607716478407382
poster,poster_holdout_Ag,c8x16_z64_spectral_composite_beta1_cyclical_4,minimal_minmax,2718,6.978134264068596,0.0049808238858448,0.1090333478760717,0.0411177843988795,2.166841867590828,52,56,0.2726291930130931,-0.258391895342091,0.0594677105545997
poster,poster_holdout_Ag,c8x16_z64_spectral_composite_beta1_cyclical_4,minimal_minmax,3141,7.966128398491058,0.00568603026302,0.1244707562264228,0.058365654244921,1.2026857839187877,57,62,0.3082677147812501,-0.3201259781977872,0.0611435696482658
poster,poster_holdout_Au,c8x16_z64_spectral_composite_beta1_cyclical_4,arpls_minmax,1729,6.429031633396364,0.0045888876755148,0.1004536192718181,0.0421614202353607,0.7936727839262668,52,56,0.2762509873737326,-0.2296977159236303,0.0459842346608638
poster,poster_holdout_Au,c8x16_z64_spectral_composite_beta1_cyclical_4,arpls_minmax,2718,6.0024435496044575,0.0042843993930081,0.0937881804625696,0.0322372225940945,0.7885408474667455,46,51,0.2611825889917236,-0.2095576922237524,0.0489845015108585
poster,poster_holdout_Au,c8x16_z64_spectral_composite_beta1_cyclical_4,arpls_minmax,3141,5.653080227115416,0.0040350322820238,0.0883293785486783,0.0419305908257344,0.5692269719153652,52,56,0.2714827648956816,-0.1945744921178447,0.0464548133313655
poster,poster_holdout_Au,c8x16_z64_spectral_composite_beta1_cyclical_4,minimal_minmax,1729,6.347334790452525,0.0045305744400089,0.0991771061008207,0.0226954894659592,1.9339189982208944,47,46,0.2308645466737653,-0.1985003193189368,0.0479440428316593
poster,poster_holdout_Au,c8x16_z64_spectral_composite_beta1_cyclical_4,minimal_minmax,2718,6.932484871610058,0.004948240450828,0.1083200761189071,0.0131936929227863,2.4593756144293035,39,41,0.212795474141385,-0.1968535326163873,0.0443325564265251
poster,poster_holdout_Au,c8x16_z64_spectral_composite_beta1_cyclical_4,minimal_minmax,3141,5.716052048764446,0.0040799800490824,0.0893133132619444,0.0140952287009524,1.9099347757542315,38,37,0.1886916671692654,-0.189705084473353,0.0432130359113216
poster,poster_holdout_PICO,c8x16_z64_spectral_composite_beta1_cyclical_4,arpls_minmax,1729,7.447142522409767,0.0053155906655315,0.1163616019126526,0.0597017957276042,1.5264741291474762,58,63,0.296061930342239,-0.2692180281869514,0.035430934280157
poster,poster_holdout_PICO,c8x16_z64_spectral_composite_beta1_cyclical_4,arpls_minmax,2718,7.648362739992405,0.0054592168022786,0.1195056678123813,0.0762846942151042,0.6830932946543037,63,64,0.3293853479045477,-0.2583603220345692,0.0349889919161796
poster,poster_holdout_PICO,c8x16_z64_spectral_composite_beta1_cyclical_4,arpls_minmax,3141,7.913397568292965,0.0056483922685888,0.1236468370045775,0.098509306049074,0.6748078246922647,61,64,0.3257649849021254,-0.2769024469980468,0.0395000837743282
poster,poster_holdout_PICO,c8x16_z64_spectral_composite_beta1_cyclical_4,minimal_minmax,1729,6.123926351368507,0.0043711108860588,0.0956863492401329,0.044025976875208,0.6627162815381581,51,56,0.3051402961710634,-0.148560953148861,0.0575055703520774
poster,poster_holdout_PICO,c8x16_z64_spectral_composite_beta1_cyclical_4,minimal_minmax,2718,5.73780584433867,0.0040955073835393,0.0896532163177917,0.0333975952699529,0.6782334364088557,46,56,0.2846400501917499,-0.1377183523144419,0.0579883977770805
poster,poster_holdout_PICO,c8x16_z64_spectral_composite_beta1_cyclical_4,minimal_minmax,3141,6.210986757076155,0.0044332525032663,0.0970466680793149,0.0556848211771066,0.5753919916503738,53,59,0.3170500404688452,-0.1507853209988631,0.0615884102880954
poster,poster_holdout_pSERS,c8x16_z64_spectral_composite_beta1_cyclical_4,arpls_minmax,1729,5.705021321754704,0.004072106582266,0.0891409581524172,0.0609343092886732,0.3658070269806501,58,59,0.2985290525068618,-0.1654218854211103,0.0398862697184085
poster,poster_holdout_pSERS,c8x16_z64_spectral_composite_beta1_cyclical_4,arpls_minmax,2718,4.964351827196118,0.0035434345661642,0.0775679972999393,0.0294478123260143,1.08452154570896,55,55,0.2474054194472713,-0.1541613547441556,0.0412862747907638
poster,poster_holdout_pSERS,c8x16_z64_spectral_composite_beta1_cyclical_4,arpls_minmax,3141,6.646040184759345,0.0047437831440109,0.1038443778868647,0.060833091183457,0.7629157047669256,59,59,0.3101418933205271,-0.1786998068264074,0.0389968231320381
poster,poster_holdout_pSERS,c8x16_z64_spectral_composite_beta1_cyclical_4,minimal_minmax,1729,6.158366670095199,0.0043956935546718,0.0962244792202374,0.0471981895515777,1.2936643819699087,49,60,0.3055807538134922,-0.1581212308727345,0.060885839164257
poster,poster_holdout_pSERS,c8x16_z64_spectral_composite_beta1_cyclical_4,minimal_minmax,2718,6.692101788491689,0.0047766608054901,0.1045640904451826,0.0441099567308733,0.7805156427258891,57,59,0.3015857994265813,-0.1971920869013562,0.0579452626407146
poster,poster_holdout_pSERS,c8x16_z64_spectral_composite_beta1_cyclical_4,minimal_minmax,3141,6.846338428907499,0.0048867511983636,0.1069740379516796,0.0536930156812367,1.7247818230617855,59,60,0.3106478165247851,-0.1869862595999923,0.0579132661223411
domain,domain__strict_core__domain_and_sample__instrument__Agilent-1,c8x16_z64_spectral_composite_beta1_cyclical_4,arpls_minmax,1729,7.959096947410892,0.0056810113828771,0.1243608898032952,0.0267747313801485,2.1330002052600863,58,59,0.2527367331869817,-0.2472731308339148,0.0358078926801681
domain,domain__strict_core__domain_and_sample__instrument__Agilent-1,c8x16_z64_spectral_composite_beta1_cyclical_4,arpls_minmax,2718,7.983266057019698,0.005698262710221,0.1247385321409327,0.0219030947299168,1.787980333241854,50,48,0.2499667426232165,-0.2118937397171897,0.0342835783958435
domain,domain__strict_core__domain_and_sample__instrument__Agilent-1,c8x16_z64_spectral_composite_beta1_cyclical_4,arpls_minmax,3141,8.18524392477505,0.0058424296393826,0.1278944363246101,0.041764673447854,1.912256351718874,56,58,0.2871465896425497,-0.2184804137860769,0.0351155996322631
domain,domain__strict_core__domain_and_sample__instrument__Agilent-3,c8x16_z64_spectral_composite_beta1_cyclical_4,arpls_minmax,1729,6.986177160782079,0.004986564711479,0.1091590181372199,0.0658176571256056,0.72896996076188,62,61,0.3428353232584725,-0.187333527268966,0.0556009262800216
domain,domain__strict_core__domain_and_sample__instrument__Agilent-3,c8x16_z64_spectral_composite_beta1_cyclical_4,arpls_minmax,2718,7.387848394013349,0.0052732679471901,0.1154351311564585,0.0740155275163375,0.888880272065945,62,63,0.3609510719270101,-0.137202996759969,0.0482554659247398
domain,domain__strict_core__domain_and_sample__instrument__Agilent-3,c8x16_z64_spectral_composite_beta1_cyclical_4,arpls_minmax,3141,7.382828636131268,0.0052696849651186,0.115356697439551,0.0617566203193118,0.8727176648573272,61,62,0.3543236886627262,-0.157699903973072,0.0530159622430801
domain,domain__strict_core__domain_and_sample__instrument__Mira-1,c8x16_z64_spectral_composite_beta1_cyclical_4,arpls_minmax,1729,6.290692945515814,0.004490144857613,0.0982920772736845,0.0069389780544887,1.2331987768421706,29,24,0.1641012803766285,-0.2289192407721874,0.0455771908164024
domain,domain__strict_core__domain_and_sample__instrument__Mira-1,c8x16_z64_spectral_composite_beta1_cyclical_4,arpls_minmax,2718,5.971936747895922,0.0042626243739442,0.0933115116858737,0.0087808671754972,1.57780766395425,34,29,0.1834672754252017,-0.21601235735916,0.0364021770656108
domain,domain__strict_core__domain_and_sample__instrument__Mira-1,c8x16_z64_spectral_composite_beta1_cyclical_4,arpls_minmax,3141,6.64437988290585,0.0047425980606037,0.1038184356704039,0.0053819877004265,1.5910558499191327,25,19,0.1645315471932127,-0.2244336549129398,0.0347010120749473
domain,domain__strict_core__domain_and_sample__instrument__Mira-2,c8x16_z64_spectral_composite_beta1_cyclical_4,arpls_minmax,1729,5.6008493044688885,0.0039977511095423,0.0875132703823263,0.0119352629436235,1.2379634089345497,39,37,0.176246261634842,-0.1579370690338237,0.0417329557240009
domain,domain__strict_core__domain_and_sample__instrument__Mira-2,c8x16_z64_spectral_composite_beta1_cyclical_4,arpls_minmax,2718,6.37841435019268,0.0045527582799376,0.0996627242217605,0.022617490838887,1.1109481039412614,56,55,0.2384559446945331,-0.168052785000691,0.0417256914079189
domain,domain__strict_core__domain_and_sample__instrument__Mira-2,c8x16_z64_spectral_composite_beta1_cyclical_4,arpls_minmax,3141,6.1784738248125946,0.0044100455566114,0.0965386535126967,0.0125136737162063,1.6243404814940154,43,40,0.1902463626357015,-0.1856783811551668,0.041496142745018
domain,domain__strict_core__domain_and_sample__instrument__Mira-3,c8x16_z64_spectral_composite_beta1_cyclical_4,arpls_minmax,1729,10.125990048712929,0.0072276874009371,0.1582185945111394,0.0241672136773133,2.213575211829633,47,57,0.2499886599082212,-0.2646055580085797,0.0403557829558849
domain,domain__strict_core__domain_and_sample__instrument__Mira-3,c8x16_z64_spectral_composite_beta1_cyclical_4,arpls_minmax,2718,9.419823883932825,0.0067236430292168,0.1471847481864504,0.0471682534924277,1.989539726223748,56,57,0.3062022738142913,-0.2235130675964727,0.0446177497506141
domain,domain__strict_core__domain_and_sample__instrument__Mira-3,c8x16_z64_spectral_composite_beta1_cyclical_4,arpls_minmax,3141,8.266692547536868,0.0059005657013111,0.1291670710552635,0.0313488898412383,3.17857615174828,51,53,0.2713087110102808,-0.2217007256972339,0.0338201113045215
domain,domain__strict_core__domain_and_sample__instrument__Pendar-1,c8x16_z64_spectral_composite_beta1_cyclical_4,arpls_minmax,1729,4.843552711904317,0.003457211072023,0.0756805111235049,0.0146230511222107,1.013238796947005,42,42,0.1894979153014891,-0.202333600790612,0.0492254123091697
domain,domain__strict_core__domain_and_sample__instrument__Pendar-1,c8x16_z64_spectral_composite_beta1_cyclical_4,arpls_minmax,2718,4.692460634861385,0.0033493651926205,0.0733196974197091,0.0197966887872402,1.0213197514302004,54,48,0.2021721494299191,-0.1930841640789674,0.049253199249506
domain,domain__strict_core__domain_and_sample__instrument__Pendar-1,c8x16_z64_spectral_composite_beta1_cyclical_4,arpls_minmax,3141,5.270138136569897,0.0037616974565095,0.0823459083839046,0.0159722146939519,1.3085157231094322,41,40,0.1996481850374533,-0.2200714364272323,0.0444630868732929
domain,domain__strict_core__domain_and_sample__instrument__Pendar-2,c8x16_z64_spectral_composite_beta1_cyclical_4,arpls_minmax,1729,3.8227189972240896,0.0027285645947352,0.0597299843316263,0.039942929445902,0.3185355223963238,59,60,0.2218842484151917,-0.241885930791763,0.076148472726345
domain,domain__strict_core__domain_and_sample__instrument__Pendar-2,c8x16_z64_spectral_composite_beta1_cyclical_4,arpls_minmax,2718,4.9231932478826295,0.0035140565652267,0.0769248944981661,0.0575852759427011,0.4264271251105896,60,63,0.255833789697351,-0.2797344330194011,0.0758184045553207
domain,domain__strict_core__domain_and_sample__instrument__Pendar-2,c8x16_z64_spectral_composite_beta1_cyclical_4,arpls_minmax,3141,4.517400090816486,0.0032244111997262,0.0705843764190075,0.050042219766948,0.3492528646193394,54,56,0.2511632454908302,-0.2340803832612529,0.0602192059159278
domain,domain__strict_core__domain_and_sample__instrument__Pendar-3,c8x16_z64_spectral_composite_beta1_cyclical_4,arpls_minmax,1729,5.542774295434029,0.0039562985691891,0.0866058483661567,0.072894426629321,0.2948558852171576,64,64,0.3165482256041514,-0.2149886676341079,0.0593030452728271
domain,domain__strict_core__domain_and_sample__instrument__Pendar-3,c8x16_z64_spectral_composite_beta1_cyclical_4,arpls_minmax,2718,4.435414562450286,0.0031658919075305,0.0693033525382857,0.0595211202749464,0.3650824995452758,61,62,0.2747649431366783,-0.1892060175392056,0.0619010366499424
domain,domain__strict_core__domain_and_sample__instrument__Pendar-3,c8x16_z64_spectral_composite_beta1_cyclical_4,arpls_minmax,3141,4.851459223037704,0.0034628545489205,0.0758040503599641,0.0574222042841651,0.3715054983900479,62,64,0.2833934555901838,-0.2077096330053661,0.0597699768841266
domain,domain__strict_core__domain_and_sample__instrument__RMX-1,c8x16_z64_spectral_composite_beta1_cyclical_4,arpls_minmax,1729,9.40871995048004,0.0067157173094075,0.1470112492262506,0.0474666184042645,1.2469732781959653,55,57,0.3236220372505545,-0.1904591791359594,0.0449863374233245
domain,domain__strict_core__domain_and_sample__instrument__RMX-1,c8x16_z64_spectral_composite_beta1_cyclical_4,arpls_minmax,2718,8.89891152365104,0.0063518283537837,0.1390454925570475,0.0432270709519753,1.2549949892100922,51,56,0.3196265640831757,-0.1882902959410746,0.0441977307200431
domain,domain__strict_core__domain_and_sample__instrument__RMX-1,c8x16_z64_spectral_composite_beta1_cyclical_4,arpls_minmax,3141,8.97461938346206,0.0064058667976174,0.1402284278665946,0.0476613586968111,1.9010984504085344,57,58,0.3110759779669208,-0.1841580025493313,0.0396623238921165
domain,domain__strict_core__domain_and_sample__instrument__RMX-2,c8x16_z64_spectral_composite_beta1_cyclical_4,arpls_minmax,1729,5.206203705189512,0.0037160626018483,0.0813469328935861,0.0086935419304812,1.195294925417625,31,30,0.1632186357137802,-0.215013261881035,0.0447352714836597
domain,domain__strict_core__domain_and_sample__instrument__RMX-2,c8x16_z64_spectral_composite_beta1_cyclical_4,arpls_minmax,2718,5.233212877339383,0.0037353410973157,0.0817689512084278,0.0083964366017503,1.4235483482544355,30,27,0.1554131565893625,-0.2229832867828603,0.0461319684982299
domain,domain__strict_core__domain_and_sample__instrument__RMX-2,c8x16_z64_spectral_composite_beta1_cyclical_4,arpls_minmax,3141,5.694193373877639,0.0040643778543023,0.0889717714668381,0.01365073095543,1.536362500123366,40,37,0.17715484108149,-0.2286875141831632,0.0437287166714668
domain,domain__strict_core__domain_and_sample__sensor_family__GaN_polymer,c8x16_z64_spectral_composite_beta1_cyclical_4,arpls_minmax,1729,9.843669015056218,0.0070261734582842,0.1538073283602534,0.0733264554698069,1.0583357687891235,61,61,0.3522590945469109,-0.2524660171279126,0.0473340973258018
domain,domain__strict_core__domain_and_sample__sensor_family__GaN_polymer,c8x16_z64_spectral_composite_beta1_cyclical_4,arpls_minmax,2718,10.636313528686555,0.0075919439890696,0.1661923988857274,0.0674370831558344,1.6611689277018846,62,61,0.3609731277408529,-0.219582796152795,0.0470418743789196
domain,domain__strict_core__domain_and_sample__sensor_family__GaN_polymer,c8x16_z64_spectral_composite_beta1_cyclical_4,arpls_minmax,3141,9.534124033857584,0.0068052277186706,0.1489706880290248,0.0842904959003768,0.8460442692828518,64,64,0.3574278952467901,-0.2377644166925007,0.0516037307679653
domain,domain__strict_core__domain_and_sample__sensor_family__H_SERS_H_Kit,c8x16_z64_spectral_composite_beta1_cyclical_4,arpls_minmax,1729,4.878648167176896,0.0034822613612968,0.076228877612139,0.0148529280738691,1.2867987203303128,46,38,0.1788450736438213,-0.1775476450874773,0.0482971929013729
domain,domain__strict_core__domain_and_sample__sensor_family__H_SERS_H_Kit,c8x16_z64_spectral_composite_beta1_cyclical_4,arpls_minmax,2718,4.81723402044159,0.0034384254250118,0.0752692815693998,0.0176036049242187,1.3170598239933158,52,45,0.1805968039721699,-0.1598048733625445,0.0467733591794967
domain,domain__strict_core__domain_and_sample__sensor_family__H_SERS_H_Kit,c8x16_z64_spectral_composite_beta1_cyclical_4,arpls_minmax,3141,4.840062668992274,0.0034547199635919,0.0756259792030042,0.0183792920093365,1.3419340093082557,51,48,0.1849495887397136,-0.1587202889378198,0.0469267591834068
domain,domain__strict_core__domain_and_sample__sensor_family__NRC_Canadian_SERS,c8x16_z64_spectral_composite_beta1_cyclical_4,arpls_minmax,1729,4.862117315015881,0.0034704620378414,0.0759705830471231,0.0545737795035896,0.3651207393638664,63,62,0.2648246953778052,-0.2075165995869731,0.060690950602293
domain,domain__strict_core__domain_and_sample__sensor_family__NRC_Canadian_SERS,c8x16_z64_spectral_composite_beta1_cyclical_4,arpls_minmax,2718,4.465448623797191,0.0031873294959294,0.0697726347468311,0.0589448491384342,0.2719682434050605,64,63,0.2557638987021313,-0.2049082759001382,0.0606523975729942
domain,domain__strict_core__domain_and_sample__sensor_family__NRC_Canadian_SERS,c8x16_z64_spectral_composite_beta1_cyclical_4,arpls_minmax,3141,4.108991571908346,0.0029328990520402,0.0642029933110679,0.0468211392000535,0.3625816019641342,64,64,0.2422861143814279,-0.1871387765163397,0.0622627325356006
domain,domain__strict_core__domain_and_sample__sensor_family__pSERS_Metrohm_silver,c8x16_z64_spectral_composite_beta1_cyclical_4,arpls_minmax,1729,5.823634714892052,0.0041567699606652,0.0909942924201883,0.0496436347809068,0.4888110091856723,61,62,0.2686679134053711,-0.2023866044371088,0.0615181550383567
domain,domain__strict_core__domain_and_sample__sensor_family__pSERS_Metrohm_silver,c8x16_z64_spectral_composite_beta1_cyclical_4,arpls_minmax,2718,5.626269501784534,0.0040158954331081,0.0879104609653833,0.0397914467655892,0.5301149496530707,63,62,0.2706448192390733,-0.2019219354907516,0.0579293183982372
domain,domain__strict_core__domain_and_sample__sensor_family__pSERS_Metrohm_silver,c8x16_z64_spectral_composite_beta1_cyclical_4,arpls_minmax,3141,5.331208564261667,0.0038052880544337,0.0833001338165885,0.0422260837634196,0.6650919522164965,58,54,0.2545622364098571,-0.2009436382954831,0.0582637637853622
domain,domain__strict_core__domain_only__instrument__Agilent-1,c8x16_z64_spectral_composite_beta1_cyclical_4,arpls_minmax,1729,8.338076484841418,0.005951517833577,0.1302824450756471,0.007351033219371,1.926189167530256,27,27,0.1951606743267144,-0.213607555709998,0.0301979035139083
domain,domain__strict_core__domain_only__instrument__Agilent-1,c8x16_z64_spectral_composite_beta1_cyclical_4,arpls_minmax,2718,8.524976493247998,0.0060849225504982,0.1332027577069999,0.0129964087052564,1.77763409768578,43,35,0.2172482072994312,-0.2111974585203166,0.0305130649358034
domain,domain__strict_core__domain_only__instrument__Agilent-1,c8x16_z64_spectral_composite_beta1_cyclical_4,arpls_minmax,3141,9.195416415147289,0.006563466391968,0.1436783814866764,0.0048578437378388,2.040842689829943,20,17,0.1886229639805315,-0.2278386398032023,0.0273361969739198
domain,domain__strict_core__domain_only__instrument__Agilent-3,c8x16_z64_spectral_composite_beta1_cyclical_4,arpls_minmax,1729,7.408465816170253,0.0052879841657175,0.1157572783776601,0.0221139373983627,1.4939295557581855,49,43,0.2368182760174396,-0.189841472214813,0.0318120159208774
domain,domain__strict_core__domain_only__instrument__Agilent-3,c8x16_z64_spectral_composite_beta1_cyclical_4,arpls_minmax,2718,7.4674649693101935,0.0053300963378373,0.1166791401454717,0.0150552002035422,2.495508081232306,47,38,0.2103204662443023,-0.1833083780331543,0.0258210469037294
domain,domain__strict_core__domain_only__instrument__Agilent-3,c8x16_z64_spectral_composite_beta1_cyclical_4,arpls_minmax,3141,8.350081985894601,0.0059600870705885,0.1304700310296031,0.0156012431868732,2.2862055083263084,49,47,0.2310791477922776,-0.1920998430768938,0.0284297112375497
domain,domain__strict_core__domain_only__instrument__Mira-1,c8x16_z64_spectral_composite_beta1_cyclical_4,arpls_minmax,1729,5.34018412026856,0.0038116945897705,0.0834403768791962,0.0042430103923042,2.425685368435343,23,18,0.1345326342479399,-0.1870118005497072,0.0342250540852546
domain,domain__strict_core__domain_only__instrument__Mira-1,c8x16_z64_spectral_composite_beta1_cyclical_4,arpls_minmax,2718,6.190677339761236,0.0044187561311643,0.0967293334337693,0.0050266424869387,1.9681762990843916,22,16,0.1415652717900422,-0.2276520840630481,0.0350617095828056
domain,domain__strict_core__domain_only__instrument__Mira-1,c8x16_z64_spectral_composite_beta1_cyclical_4,arpls_minmax,3141,5.462029839263351,0.0038986651243849,0.0853442162384898,0.0051681444753067,1.7211381209327097,25,17,0.1351986969731589,-0.1979233262206889,0.0339361280202865
domain,domain__strict_core__domain_only__instrument__Mira-2,c8x16_z64_spectral_composite_beta1_cyclical_4,arpls_minmax,1729,9.472282196388884,0.0067610865070584,0.1480044093185763,0.0176930804391593,1.6638573289397924,44,44,0.2549601747928197,-0.2523582365038116,0.0393450073897838
domain,domain__strict_core__domain_only__instrument__Mira-2,c8x16_z64_spectral_composite_beta1_cyclical_4,arpls_minmax,2718,10.274449201927828,0.0073336539628321,0.1605382687801222,0.0205904528902963,2.044742485665612,52,50,0.2923567845965347,-0.2620042188322425,0.0383399985730648
domain,domain__strict_core__domain_only__instrument__Mira-2,c8x16_z64_spectral_composite_beta1_cyclical_4,arpls_minmax,3141,9.19498967991206,0.0065631617986524,0.1436717137486259,0.0246757081083202,2.105659712019178,56,53,0.2748493650658929,-0.2521962566955456,0.040660336613655
domain,domain__strict_core__domain_only__instrument__Mira-3,c8x16_z64_spectral_composite_beta1_cyclical_4,arpls_minmax,1729,9.926863300140614,0.0070855555318633,0.155107239064697,0.0177191789571047,1.9155108889263976,39,47,0.2420006497470158,-0.256239358049466,0.037968173623085
domain,domain__strict_core__domain_only__instrument__Mira-3,c8x16_z64_spectral_composite_beta1_cyclical_4,arpls_minmax,2718,9.53546987468624,0.0068061883473848,0.1489917167919724,0.0139480908814055,1.7336837298902656,35,38,0.2490606697042561,-0.2275788522660191,0.0378837585449218
domain,domain__strict_core__domain_only__instrument__Mira-3,c8x16_z64_spectral_composite_beta1_cyclical_4,arpls_minmax,3141,10.906239141527989,0.0077846103793918,0.1704099865863748,0.0235247368134718,2.537328909547528,45,46,0.2986997754878268,-0.2450122336514716,0.0385840758681297
domain,domain__strict_core__domain_only__instrument__Pendar-1,c8x16_z64_spectral_composite_beta1_cyclical_4,arpls_minmax,1729,5.329027141254041,0.003803731007319,0.0832660490820944,0.0031407849777126,1.371035709699146,8,9,0.1133836943533001,-0.2346905825271159,0.0451655760407447
domain,domain__strict_core__domain_only__instrument__Pendar-1,c8x16_z64_spectral_composite_beta1_cyclical_4,arpls_minmax,2718,5.218428127064705,0.003724788099261,0.081537939485386,0.0033251539767419,1.426382452045827,13,12,0.1215718733881005,-0.2221147590266414,0.0435682199895381
domain,domain__strict_core__domain_only__instrument__Pendar-1,c8x16_z64_spectral_composite_beta1_cyclical_4,arpls_minmax,3141,4.952966821054518,0.0035353082234507,0.0773901065789768,0.0017048205854747,1.3947796682325757,10,7,0.104645365323568,-0.2043408306734393,0.041474487632513
domain,domain__strict_core__domain_only__instrument__Pendar-2,c8x16_z64_spectral_composite_beta1_cyclical_4,arpls_minmax,1729,5.76683110449331,0.0041162249139852,0.0901067360077079,0.005636115990752,1.7895991229543446,10,17,0.1332313748441349,-0.2481690645210303,0.0489081926643848
domain,domain__strict_core__domain_only__instrument__Pendar-2,c8x16_z64_spectral_composite_beta1_cyclical_4,arpls_minmax,2718,5.487988818551719,0.0039171940175244,0.0857498252898705,0.0107646562073401,1.437237483150014,34,34,0.1635162959830305,-0.2348406565197806,0.0531982108950614
domain,domain__strict_core__domain_only__instrument__Pendar-2,c8x16_z64_spectral_composite_beta1_cyclical_4,arpls_minmax,3141,5.835128228748223,0.0041649737535676,0.091173878574191,0.0048840125262222,1.4578229691414306,11,12,0.1378996520770438,-0.2415884962749001,0.049000047147274
domain,domain__strict_core__domain_only__instrument__Pendar-3,c8x16_z64_spectral_composite_beta1_cyclical_4,arpls_minmax,1729,5.393475496155676,0.003849732688191,0.0842730546274324,0.0054642978786761,1.5403241232810652,13,11,0.1316868075392579,-0.2376917004898392,0.0430372506380081
domain,domain__strict_core__domain_only__instrument__Pendar-3,c8x16_z64_spectral_composite_beta1_cyclical_4,arpls_minmax,2718,5.47268120761619,0.0039062678141443,0.0855106438690029,0.0064855419642033,1.3234564915557812,20,22,0.1450782022023694,-0.2349792130205319,0.0445614606142044
domain,domain__strict_core__domain_only__instrument__Pendar-3,c8x16_z64_spectral_composite_beta1_cyclical_4,arpls_minmax,3141,5.312765059116702,0.0037921235254223,0.0830119540486984,0.0042641217224546,1.8594182527399568,15,17,0.1271473179851065,-0.2281993821929258,0.0429136343300342
domain,domain__strict_core__domain_only__instrument__RMX-1,c8x16_z64_spectral_composite_beta1_cyclical_4,arpls_minmax,1729,9.284079197676528,0.0066267517470924,0.1450637374636957,0.0070832597103914,1.8953232015590515,38,25,0.2035486295483127,-0.2296723089232007,0.0360872372984886
domain,domain__strict_core__domain_only__instrument__RMX-1,c8x16_z64_spectral_composite_beta1_cyclical_4,arpls_minmax,2718,9.459196228604778,0.0067517460589612,0.1477999410719496,0.0089402811066867,1.9750684205042135,30,29,0.2097573805929912,-0.23228685670041,0.0331677533686161
domain,domain__strict_core__domain_only__instrument__RMX-1,c8x16_z64_spectral_composite_beta1_cyclical_4,arpls_minmax,3141,9.86130976096936,0.007038764997123,0.1540829650151462,0.0100869570315253,2.191106729377368,34,32,0.2253051041089467,-0.2446073692021274,0.0322059988975524
domain,domain__strict_core__domain_only__instrument__RMX-2,c8x16_z64_spectral_composite_beta1_cyclical_4,arpls_minmax,1729,5.5433434128617645,0.0039567047914787,0.086614740825965,0.0041597363836605,1.2604574479334971,18,13,0.1278256834885409,-0.2233926596275033,0.0410040505230426
domain,domain__strict_core__domain_only__instrument__RMX-2,c8x16_z64_spectral_composite_beta1_cyclical_4,arpls_minmax,2718,5.231188636209502,0.0037338962428333,0.0817373224407734,0.0053066857377762,1.6581632484743811,28,22,0.1408527226823244,-0.2159649049651486,0.0416812524199485
domain,domain__strict_core__domain_only__instrument__RMX-2,c8x16_z64_spectral_composite_beta1_cyclical_4,arpls_minmax,3141,5.174969140849709,0.0036937681233759,0.0808588928257767,0.0064921650792037,1.4940421398741586,27,18,0.1359865817615855,-0.2126713031122248,0.0426726192235946
domain,domain__strict_core__domain_only__sensor_family__GaN_polymer,c8x16_z64_spectral_composite_beta1_cyclical_4,arpls_minmax,1729,8.617390412837963,0.006150885376758,0.1346467252005931,0.0113911356517107,2.0017272303971096,39,35,0.1968789178740932,-0.2149872825125978,0.0346388481557369
domain,domain__strict_core__domain_only__sensor_family__GaN_polymer,c8x16_z64_spectral_composite_beta1_cyclical_4,arpls_minmax,2718,7.736646619465413,0.0055222317055427,0.120885103429147,0.0064542046995101,2.103109650774193,26,19,0.1790997963976323,-0.2013371440127684,0.0380708947777748
domain,domain__strict_core__domain_only__sensor_family__GaN_polymer,c8x16_z64_spectral_composite_beta1_cyclical_4,arpls_minmax,3141,8.1324510998155,0.0058047473945863,0.1270695484346171,0.0112755946210809,1.7288919908972995,45,37,0.200557387896088,-0.2089851376574741,0.0358611345291137
domain,domain__strict_core__domain_only__sensor_family__H_SERS_H_Kit,c8x16_z64_spectral_composite_beta1_cyclical_4,arpls_minmax,1729,8.222301084395653,0.0058688801458926,0.128473454443682,0.0278910582833239,1.4913476491355282,54,52,0.2550737885465429,-0.205795817143553,0.041104894131422
domain,domain__strict_core__domain_only__sensor_family__H_SERS_H_Kit,c8x16_z64_spectral_composite_beta1_cyclical_4,arpls_minmax,2718,8.931641858537002,0.0063751904771855,0.1395569040396406,0.0416427665192282,1.545606369208962,60,58,0.2938913543619342,-0.2167786732126336,0.0450066216289997
domain,domain__strict_core__domain_only__sensor_family__H_SERS_H_Kit,c8x16_z64_spectral_composite_beta1_cyclical_4,arpls_minmax,3141,8.323936127084952,0.0059414247873554,0.1300615019857024,0.0273520741602119,2.0307793824043827,56,54,0.2597104651522471,-0.2070274259577157,0.045095682144165
domain,domain__strict_core__domain_only__sensor_family__NRC_Canadian_SERS,c8x16_z64_spectral_composite_beta1_cyclical_4,arpls_minmax,1729,4.586782327915853,0.0032739345666779,0.0716684738736851,0.0056762302574278,1.0971117398149928,20,20,0.1322516402691486,-0.1952613443480732,0.0491873957216739
domain,domain__strict_core__domain_only__sensor_family__NRC_Canadian_SERS,c8x16_z64_spectral_composite_beta1_cyclical_4,arpls_minmax,2718,5.370737483591382,0.0038335028433914,0.0839177731811153,0.0079056372974405,1.038149584830871,24,26,0.158146799548996,-0.1974280194614544,0.0511943437159061
domain,domain__strict_core__domain_only__sensor_family__NRC_Canadian_SERS,c8x16_z64_spectral_composite_beta1_cyclical_4,arpls_minmax,3141,5.327435291539579,0.0038025947833972,0.0832411764303059,0.0065410777682249,1.4022846502050357,24,20,0.1387922246521416,-0.215572272291602,0.0462032407522201
domain,domain__strict_core__domain_only__sensor_family__pSERS_Metrohm_silver,c8x16_z64_spectral_composite_beta1_cyclical_4,arpls_minmax,1729,7.402248304410843,0.005283546255825,0.1156601297564194,0.02887425803564,0.8212741435040682,61,60,0.281170916284688,-0.2090873936913606,0.0515070967376232
domain,domain__strict_core__domain_only__sensor_family__pSERS_Metrohm_silver,c8x16_z64_spectral_composite_beta1_cyclical_4,arpls_minmax,2718,7.601967866836548,0.0054261012611253,0.118780747919321,0.0439028176003434,1.170722101345281,62,60,0.2921032643041262,-0.2189855651531009,0.0501624643802642
domain,domain__strict_core__domain_only__sensor_family__pSERS_Metrohm_silver,c8x16_z64_spectral_composite_beta1_cyclical_4,arpls_minmax,3141,7.41203578914795,0.0052905323263011,0.1158130592054366,0.0368510996196388,1.831311854073535,61,62,0.2721831984795037,-0.2380031972534008,0.049452856183052
domain,domain__quality_pass__domain_and_sample__instrument__Agilent-1,c8x16_z64_spectral_composite_beta1_cyclical_4,arpls_minmax,1729,8.45148630603735,0.0060324670278639,0.1320544735318335,0.0383292223172715,1.368249432660018,59,58,0.2935036539015684,-0.2348636906038901,0.0381190963089466
domain,domain__quality_pass__domain_and_sample__instrument__Agilent-1,c8x16_z64_spectral_composite_beta1_cyclical_4,arpls_minmax,2718,7.519639006456258,0.005367336906821,0.117494359475879,0.0220193655216593,1.6080166431514575,48,52,0.2517033308417843,-0.2139969118323294,0.0405519530177116
domain,domain__quality_pass__domain_and_sample__instrument__Agilent-1,c8x16_z64_spectral_composite_beta1_cyclical_4,arpls_minmax,3141,7.971023103349008,0.0056895239852598,0.1245472359898282,0.0376833298897449,1.4493689444339573,58,57,0.2850954933643967,-0.2299546929264359,0.0364958383142948
domain,domain__quality_pass__domain_and_sample__instrument__Agilent-3,c8x16_z64_spectral_composite_beta1_cyclical_4,arpls_minmax,1729,5.5051419878047465,0.0039294375359063,0.0860178435594491,0.0637397725270989,0.3820769902927048,60,62,0.3077028617747367,-0.149502142875772,0.0518222413957119
domain,domain__quality_pass__domain_and_sample__instrument__Agilent-3,c8x16_z64_spectral_composite_beta1_cyclical_4,arpls_minmax,2718,6.695322463714289,0.0047789596457632,0.1046144134955357,0.0520617637134818,0.4687323742487004,62,63,0.332904818221348,-0.1567658209325928,0.0511130355298519
domain,domain__quality_pass__domain_and_sample__instrument__Agilent-3,c8x16_z64_spectral_composite_beta1_cyclical_4,arpls_minmax,3141,7.496472143537709,0.0053508009589848,0.1171323772427767,0.0692257617896515,0.7754931490617162,63,61,0.3415045936938049,-0.2102958876223795,0.0547119788825511
domain,domain__quality_pass__domain_and_sample__instrument__Mira-1,c8x16_z64_spectral_composite_beta1_cyclical_4,arpls_minmax,1729,5.3478321584662725,0.0038171535749223,0.0835598774760355,0.0098542427769344,1.6707967277901166,32,31,0.1610657908801321,-0.2103256320895395,0.0322636850178241
domain,domain__quality_pass__domain_and_sample__instrument__Mira-1,c8x16_z64_spectral_composite_beta1_cyclical_4,arpls_minmax,2718,5.856619466138499,0.0041803136803272,0.091509679158414,0.0088522600432434,2.251107448057311,29,29,0.1689927447903842,-0.2216388599610928,0.0369017049670219
domain,domain__quality_pass__domain_and_sample__instrument__Mira-1,c8x16_z64_spectral_composite_beta1_cyclical_4,arpls_minmax,3141,5.825117809545048,0.004157828557848,0.0910174657741413,0.0056366673308073,1.5389269586623435,20,16,0.1499569002451694,-0.1878873638514029,0.0382511764764785
domain,domain__quality_pass__domain_and_sample__instrument__Mira-2,c8x16_z64_spectral_composite_beta1_cyclical_4,arpls_minmax,1729,5.270009496321881,0.003761605636204,0.0823438983800294,0.0325717979188407,0.7201121102257902,53,53,0.2455281622237158,-0.1676363934458145,0.0524853505194187
domain,domain__quality_pass__domain_and_sample__instrument__Mira-2,c8x16_z64_spectral_composite_beta1_cyclical_4,arpls_minmax,2718,5.058718081075403,0.0036107909215384,0.0790424700168031,0.0123458918446654,1.2453479178673,42,40,0.1875992406236755,-0.160626727273162,0.0443216040730476
domain,domain__quality_pass__domain_and_sample__instrument__Mira-2,c8x16_z64_spectral_composite_beta1_cyclical_4,arpls_minmax,3141,5.956026943485133,0.0042512683393898,0.0930629209919552,0.0155090286533027,1.4643080476711687,46,42,0.2078686550058542,-0.1791880228732384,0.0460588186979293
domain,domain__quality_pass__domain_and_sample__instrument__Mira-3,c8x16_z64_spectral_composite_beta1_cyclical_4,arpls_minmax,1729,10.491504401716252,0.0074885827278488,0.1639297562768164,0.0222758703022325,1.7820475098653903,43,48,0.2776564731570559,-0.2547239246127837,0.0466363169252872
domain,domain__quality_pass__domain_and_sample__instrument__Mira-3,c8x16_z64_spectral_composite_beta1_cyclical_4,arpls_minmax,2718,10.653331913368111,0.0076040913014761,0.1664583111463767,0.0405098367862771,1.7923089209775256,56,62,0.329722053374726,-0.2639557782031965,0.0404455177485942
domain,domain__quality_pass__domain_and_sample__instrument__Mira-3,c8x16_z64_spectral_composite_beta1_cyclical_4,arpls_minmax,3141,8.565447211194437,0.006113809572587,0.1338351126749131,0.016039046907317,2.073166963343868,44,43,0.2352822836253156,-0.2395239400934113,0.036599788814783
domain,domain__quality_pass__domain_and_sample__instrument__Pendar-1,c8x16_z64_spectral_composite_beta1_cyclical_4,arpls_minmax,1729,5.024494254342892,0.003586362779688,0.0785077227241076,0.0179414448438283,1.1825638255921638,43,42,0.1917604342684001,-0.2207599338256841,0.0481301359832286
domain,domain__quality_pass__domain_and_sample__instrument__Pendar-1,c8x16_z64_spectral_composite_beta1_cyclical_4,arpls_minmax,2718,5.853354675416854,0.0041779833514752,0.0914586668033883,0.0178489660636898,1.0867608798949453,48,51,0.2096963078918406,-0.2449265394818439,0.045136485248804
domain,domain__quality_pass__domain_and_sample__instrument__Pendar-1,c8x16_z64_spectral_composite_beta1_cyclical_4,arpls_minmax,3141,5.68105136124345,0.0040549974027433,0.0887664275194289,0.0119327546490769,1.22399364297775,35,40,0.1861796231749849,-0.2312989869429373,0.0438282340764999
domain,domain__quality_pass__domain_and_sample__instrument__Pendar-2,c8x16_z64_spectral_composite_beta1_cyclical_4,arpls_minmax,1729,4.276975030620851,0.0030528015921633,0.0668277348534508,0.0512730883350589,0.305131264156016,63,63,0.2499198536924095,-0.2361456895614321,0.0669082701206207
domain,domain__quality_pass__domain_and_sample__instrument__Pendar-2,c8x16_z64_spectral_composite_beta1_cyclical_4,arpls_minmax,2718,4.062382945235406,0.0028996309387833,0.0634747335193032,0.0458110370409992,0.313192566799478,61,60,0.2454978886314079,-0.2043625301991022,0.0620504282414913
domain,domain__quality_pass__domain_and_sample__instrument__Pendar-2,c8x16_z64_spectral_composite_beta1_cyclical_4,arpls_minmax,3141,3.6172805175062113,0.0025819275642442,0.0565200080860345,0.0405611256701686,0.3330328563296235,58,61,0.2280223056138982,-0.2070327534971468,0.0639755949378013
domain,domain__quality_pass__domain_and_sample__instrument__Pendar-3,c8x16_z64_spectral_composite_beta1_cyclical_4,arpls_minmax,1729,5.55043317594305,0.0039617652933212,0.0867255183741101,0.0655786861020999,0.4167629201455014,64,64,0.3005237505416777,-0.2251451077386047,0.0677905231714248
domain,domain__quality_pass__domain_and_sample__instrument__Pendar-3,c8x16_z64_spectral_composite_beta1_cyclical_4,arpls_minmax,2718,6.592725379237474,0.0047057283220824,0.1030113340505855,0.0754817071708982,0.3670313809378976,64,64,0.3151381321263432,-0.305263882309321,0.0615148283541202
domain,domain__quality_pass__domain_and_sample__instrument__Pendar-3,c8x16_z64_spectral_composite_beta1_cyclical_4,arpls_minmax,3141,4.704249953955494,0.0033577801241652,0.0735039055305545,0.0475542311041757,0.3585647923053741,63,63,0.2719637796555503,-0.2127373746073187,0.065540924668312
domain,domain__quality_pass__domain_and_sample__instrument__RMX-1,c8x16_z64_spectral_composite_beta1_cyclical_4,arpls_minmax,1729,9.332183778355123,0.0066610876362277,0.1458153715367988,0.0527763981391206,1.242273766835968,58,58,0.3293443793785829,-0.2005663854537084,0.0420345477759838
domain,domain__quality_pass__domain_and_sample__instrument__RMX-1,c8x16_z64_spectral_composite_beta1_cyclical_4,arpls_minmax,2718,9.005896595123499,0.0064281917167191,0.1407171342988046,0.0412218544849844,1.990094651941115,57,54,0.3017371183139201,-0.2014393260019561,0.0433165468275547
domain,domain__quality_pass__domain_and_sample__instrument__RMX-1,c8x16_z64_spectral_composite_beta1_cyclical_4,arpls_minmax,3141,8.58536918847619,0.0061280293993406,0.1341463935699404,0.0493928818951787,1.34129636312587,58,57,0.315346248493299,-0.1996641577810906,0.0460294820368289
domain,domain__quality_pass__domain_and_sample__instrument__RMX-2,c8x16_z64_spectral_composite_beta1_cyclical_4,arpls_minmax,1729,5.717984629704955,0.004081359478733,0.0893435098391399,0.0153394609138495,0.8140978385597438,46,43,0.1857546505336529,-0.2589116815515879,0.0550162866711616
domain,domain__quality_pass__domain_and_sample__instrument__RMX-2,c8x16_z64_spectral_composite_beta1_cyclical_4,arpls_minmax,2718,5.462273144076695,0.0038988387894908,0.0853480178761983,0.0158649585066829,0.9018196981545544,41,43,0.1886042602176196,-0.2533942618748099,0.0565404556691646
domain,domain__quality_pass__domain_and_sample__instrument__RMX-2,c8x16_z64_spectral_composite_beta1_cyclical_4,arpls_minmax,3141,5.575230137017414,0.0039794647658939,0.0871129708908971,0.013838211949823,1.1424902566027402,38,42,0.1787670206813629,-0.2419491859189069,0.0617358088493347
domain,domain__quality_pass__domain_and_sample__sensor_family__GaN_polymer,c8x16_z64_spectral_composite_beta1_cyclical_4,arpls_minmax,1729,10.330229064254542,0.0073734682828369,0.1614098291289772,0.0216860186177543,1.329275235561515,53,45,0.2772188855055396,-0.2385083205742799,0.0345157422125339
domain,domain__quality_pass__domain_and_sample__sensor_family__GaN_polymer,c8x16_z64_spectral_composite_beta1_cyclical_4,arpls_minmax,2718,10.651292799881212,0.0076026358314641,0.1664264499981439,0.0514704022611216,1.4973796618198536,58,56,0.3221261085699451,-0.2390374844087293,0.0361786484718322
domain,domain__quality_pass__domain_and_sample__sensor_family__GaN_polymer,c8x16_z64_spectral_composite_beta1_cyclical_4,arpls_minmax,3141,10.248483781425186,0.0073151204721093,0.1601325590847685,0.0114092852854988,1.8690029440384288,32,33,0.2403978868751816,-0.2258111709461571,0.0346928164362907
domain,domain__quality_pass__domain_and_sample__sensor_family__H_SERS_H_Kit,c8x16_z64_spectral_composite_beta1_cyclical_4,arpls_minmax,1729,4.876822072436324,0.0034809579389267,0.0762003448818175,0.0131472455999154,0.9181223469439952,42,40,0.1889351491269141,-0.157678997234659,0.0444904379546642
domain,domain__quality_pass__domain_and_sample__sensor_family__H_SERS_H_Kit,c8x16_z64_spectral_composite_beta1_cyclical_4,arpls_minmax,2718,4.77446319537027,0.0034078966419488,0.0746009874276604,0.0136042179679949,1.0259163609318749,46,47,0.1859629902296372,-0.1399983253221797,0.0470516234636306
domain,domain__quality_pass__domain_and_sample__sensor_family__H_SERS_H_Kit,c8x16_z64_spectral_composite_beta1_cyclical_4,arpls_minmax,3141,4.849631964961437,0.0034615502961894,0.0757754994525224,0.0284630898139835,0.8611737724452583,59,55,0.224644959537843,-0.1677355184856424,0.0471865199506282
domain,domain__quality_pass__domain_and_sample__sensor_family__NRC_Canadian_SERS,c8x16_z64_spectral_composite_beta1_cyclical_4,arpls_minmax,1729,4.2566949138028685,0.0030383261340491,0.0665108580281698,0.0559734158817612,0.279113076000073,64,64,0.2480883231266084,-0.1906038315564063,0.0625008568167686
domain,domain__quality_pass__domain_and_sample__sensor_family__NRC_Canadian_SERS,c8x16_z64_spectral_composite_beta1_cyclical_4,arpls_minmax,2718,4.28427829424997,0.003058014485546,0.0669418483476557,0.0541857016389324,0.4823035504277494,64,64,0.24426911034556,-0.1948367633389125,0.0560957454144954
domain,domain__quality_pass__domain_and_sample__sensor_family__NRC_Canadian_SERS,c8x16_z64_spectral_composite_beta1_cyclical_4,arpls_minmax,3141,4.807619965294671,0.003431563144393,0.0751190619577292,0.0652932804895174,0.326838703920218,64,63,0.2631498494483267,-0.2215972798237599,0.0625132247805595
domain,domain__quality_pass__domain_and_sample__sensor_family__pSERS_Metrohm_silver,c8x16_z64_spectral_composite_beta1_cyclical_4,arpls_minmax,1729,5.831182304615155,0.0041621572481193,0.0911122235096118,0.0611435080910706,0.7936065126223731,59,64,0.257068010601452,-0.233718878666084,0.0536449253559112
domain,domain__quality_pass__domain_and_sample__sensor_family__pSERS_Metrohm_silver,c8x16_z64_spectral_composite_beta1_cyclical_4,arpls_minmax,2718,5.975817297566097,0.0042653942166781,0.0933721452744702,0.0598665207728194,0.638993095004723,63,64,0.2383645627240897,-0.2654390860795775,0.0641260370612144
domain,domain__quality_pass__domain_and_sample__sensor_family__pSERS_Metrohm_silver,c8x16_z64_spectral_composite_beta1_cyclical_4,arpls_minmax,3141,6.614160886083574,0.0047210284697241,0.1033462638450558,0.0676793616497829,0.54362465451921,64,64,0.2515964664959502,-0.2792641883353925,0.0644443482160568
domain,domain__quality_pass__domain_only__instrument__Agilent-1,c8x16_z64_spectral_composite_beta1_cyclical_4,arpls_minmax,1729,8.89477102131194,0.0063488729631063,0.138980797207999,0.0394087121321447,1.5480912129364728,57,58,0.2948051045702319,-0.2383600149396756,0.0326825343072414
domain,domain__quality_pass__domain_only__instrument__Agilent-1,c8x16_z64_spectral_composite_beta1_cyclical_4,arpls_minmax,2718,8.095138528361177,0.0057781145812713,0.1264865395056434,0.0107903806652052,1.6298102144336264,32,33,0.2082474009649904,-0.2277202739712485,0.0335379131138324
domain,domain__quality_pass__domain_only__instrument__Agilent-1,c8x16_z64_spectral_composite_beta1_cyclical_4,arpls_minmax,3141,7.8630501118502,0.0056124554688438,0.1228601579976593,0.0081040284142467,1.7689953524446709,32,25,0.1975822286449956,-0.2155588831726853,0.0324126966297626
domain,domain__quality_pass__domain_only__instrument__Agilent-3,c8x16_z64_spectral_composite_beta1_cyclical_4,arpls_minmax,1729,6.982922533688684,0.0049842416371796,0.1091081645888856,0.0180172999460649,1.8883387824720197,49,41,0.2243282723867044,-0.1614408577792133,0.0309252440929412
domain,domain__quality_pass__domain_only__instrument__Agilent-3,c8x16_z64_spectral_composite_beta1_cyclical_4,arpls_minmax,2718,6.609959875031468,0.0047180298893872,0.1032806230473666,0.0277467678262567,1.9678113667880608,58,54,0.2280086009547264,-0.1530133945867867,0.0299408826977014
domain,domain__quality_pass__domain_only__instrument__Agilent-3,c8x16_z64_spectral_composite_beta1_cyclical_4,arpls_minmax,3141,7.1486560896952085,0.0051025382510315,0.1116977514014876,0.0162319024408313,1.4763277696302957,55,45,0.2248165531078143,-0.1744618630934869,0.0300426091998815
domain,domain__quality_pass__domain_only__instrument__Mira-1,c8x16_z64_spectral_composite_beta1_cyclical_4,arpls_minmax,1729,5.362701759009104,0.0038277671370514,0.0837922149845172,0.0085957372971282,2.128470687629572,29,30,0.1502581899051923,-0.2061388624326485,0.0306187160313129
domain,domain__quality_pass__domain_only__instrument__Mira-1,c8x16_z64_spectral_composite_beta1_cyclical_4,arpls_minmax,2718,5.701113939316637,0.0040693175869497,0.0890799053018224,0.0033272335241832,1.4710716423002204,11,10,0.1327924278413634,-0.1999537282237827,0.0333759188652038
domain,domain__quality_pass__domain_only__instrument__Mira-1,c8x16_z64_spectral_composite_beta1_cyclical_4,arpls_minmax,3141,5.62550821476281,0.0040153520447985,0.0878985658556689,0.0047871459877799,1.2732505663922895,20,15,0.141190332640127,-0.2156952252885708,0.0331098027527332
domain,domain__quality_pass__domain_only__instrument__Mira-2,c8x16_z64_spectral_composite_beta1_cyclical_4,arpls_minmax,1729,8.46645147417705,0.006043148803838,0.1322883042840164,0.0144605230750993,1.3870257395172387,44,41,0.2367629889986838,-0.2411408273916353,0.0388998910784721
domain,domain__quality_pass__domain_only__instrument__Mira-2,c8x16_z64_spectral_composite_beta1_cyclical_4,arpls_minmax,2718,9.899963908623072,0.0070663553951627,0.1546869360722355,0.0305262266152194,1.533780366697702,57,58,0.3002762203086235,-0.260558905182875,0.0405554510653018
domain,domain__quality_pass__domain_only__instrument__Mira-2,c8x16_z64_spectral_composite_beta1_cyclical_4,arpls_minmax,3141,9.004454062749083,0.0064271620719122,0.1406945947304544,0.0151949453768156,1.4836556174056013,46,37,0.2472798649514151,-0.2291935275234647,0.0392031893134117
domain,domain__quality_pass__domain_only__instrument__Mira-3,c8x16_z64_spectral_composite_beta1_cyclical_4,arpls_minmax,1729,10.53546283566078,0.0075199591974737,0.1646166068071996,0.027749867162017,1.9899727236182043,53,55,0.3064270248545923,-0.2723013979880355,0.0387141965329647
domain,domain__quality_pass__domain_only__instrument__Mira-3,c8x16_z64_spectral_composite_beta1_cyclical_4,arpls_minmax,2718,9.854525732145133,0.0070339227210172,0.1539769645647676,0.0317619587269112,2.0424325969199044,49,48,0.2891238268586682,-0.24493480826157,0.0399137623608112
domain,domain__quality_pass__domain_only__instrument__Mira-3,c8x16_z64_spectral_composite_beta1_cyclical_4,arpls_minmax,3141,10.767768116400434,0.0076857731023557,0.1682463768187567,0.0273692091957743,2.057056615268209,50,56,0.2888482235237743,-0.2785964471672197,0.0409840904176235
domain,domain__quality_pass__domain_only__instrument__Pendar-1,c8x16_z64_spectral_composite_beta1_cyclical_4,arpls_minmax,1729,5.077064831068978,0.003623886389057,0.0793291379854527,0.0056728055286079,1.5241480748603915,20,17,0.1274332762090068,-0.2172518964929594,0.0496397167444229
domain,domain__quality_pass__domain_only__instrument__Pendar-1,c8x16_z64_spectral_composite_beta1_cyclical_4,arpls_minmax,2718,5.9233918274695245,0.0042279741809204,0.0925529973042113,0.0069401682361519,1.190105052720976,23,19,0.1528406982760543,-0.2509112463778933,0.0427607744932174
domain,domain__quality_pass__domain_only__instrument__Pendar-1,c8x16_z64_spectral_composite_beta1_cyclical_4,arpls_minmax,3141,5.600867549450562,0.0039977641323701,0.087513555460165,0.0053356992421745,1.4601065866152418,17,18,0.1322333038561055,-0.2522469462775689,0.0451967045664787
domain,domain__quality_pass__domain_only__instrument__Pendar-2,c8x16_z64_spectral_composite_beta1_cyclical_4,arpls_minmax,1729,5.7465416695303055,0.0041017428048039,0.089789713586411,0.0073140421390777,1.580781350828032,20,25,0.1417306159765525,-0.2321058861530678,0.0512445829808712
domain,domain__quality_pass__domain_only__instrument__Pendar-2,c8x16_z64_spectral_composite_beta1_cyclical_4,arpls_minmax,2718,6.343979126096274,0.0045281792477489,0.0991246738452542,0.0093120697662388,1.041464401376898,19,29,0.1765190593450243,-0.2644185348838868,0.0465538017451763
domain,domain__quality_pass__domain_only__instrument__Pendar-2,c8x16_z64_spectral_composite_beta1_cyclical_4,arpls_minmax,3141,5.9854955250106645,0.0042723023019348,0.0935233675782916,0.0092709763141762,1.219002891449843,23,29,0.1572511805425381,-0.2560279093564704,0.0498473644256591
domain,domain__quality_pass__domain_only__instrument__Pendar-3,c8x16_z64_spectral_composite_beta1_cyclical_4,arpls_minmax,1729,4.977830834989627,0.0035530555567377,0.0777786067967129,0.0084105869662001,1.2659951190453085,25,27,0.1363996571062779,-0.2332478598141062,0.044599212706089
domain,domain__quality_pass__domain_only__instrument__Pendar-3,c8x16_z64_spectral_composite_beta1_cyclical_4,arpls_minmax,2718,5.088237793749285,0.0036318613802635,0.0795037155273325,0.0082836397506093,1.4214629962724696,32,29,0.1546880791060218,-0.2241109419013447,0.0431958958506584
domain,domain__quality_pass__domain_only__instrument__Pendar-3,c8x16_z64_spectral_composite_beta1_cyclical_4,arpls_minmax,3141,5.167051138264941,0.0036881164441577,0.0807351740353896,0.0074016346309336,1.2286314159603695,30,24,0.1490776379178528,-0.2183689372313108,0.0436542779207229
domain,domain__quality_pass__domain_only__instrument__RMX-1,c8x16_z64_spectral_composite_beta1_cyclical_4,arpls_minmax,1729,9.072420500003432,0.0064756748750916,0.1417565703125536,0.0285694720328872,1.84324581444055,57,50,0.2763936907096447,-0.2341398066850261,0.0405673868954181
domain,domain__quality_pass__domain_only__instrument__RMX-1,c8x16_z64_spectral_composite_beta1_cyclical_4,arpls_minmax,2718,9.058811633989547,0.0064659611948533,0.1415439317810866,0.0265577813938659,1.5298253814603084,56,50,0.2823552920133604,-0.2266508185796636,0.0389619767665863
domain,domain__quality_pass__domain_only__instrument__RMX-1,c8x16_z64_spectral_composite_beta1_cyclical_4,arpls_minmax,3141,9.436547541372976,0.0067355799724289,0.1474460553339527,0.0246054467718334,1.7870775070023976,55,52,0.2660023431847043,-0.2545879912806286,0.0385507829487323
domain,domain__quality_pass__domain_only__instrument__RMX-2,c8x16_z64_spectral_composite_beta1_cyclical_4,arpls_minmax,1729,5.337651396967978,0.0038098867929821,0.0834008030776246,0.0092701102535751,1.4119528219398825,34,31,0.1516921668387176,-0.2371869015344856,0.0465249195694923
domain,domain__quality_pass__domain_only__instrument__RMX-2,c8x16_z64_spectral_composite_beta1_cyclical_4,arpls_minmax,2718,5.785440911471797,0.0041295081452332,0.0903975142417468,0.0088655144315027,1.2416799413680388,30,24,0.1510853889213308,-0.2437876510592502,0.0439350493252277
domain,domain__quality_pass__domain_only__instrument__RMX-2,c8x16_z64_spectral_composite_beta1_cyclical_4,arpls_minmax,3141,5.610961976267385,0.0040049692906976,0.0876712808791778,0.0081173183038659,1.2512945155502389,31,27,0.1469250575690708,-0.2413733748111077,0.0440882332623004
domain,domain__quality_pass__domain_only__sensor_family__GaN_polymer,c8x16_z64_spectral_composite_beta1_cyclical_4,arpls_minmax,1729,9.1069494259409,0.0065003207893939,0.1422960847803265,0.0125047786165129,2.4294086120057283,44,33,0.2273395845174187,-0.2186091462794542,0.0348016805946826
domain,domain__quality_pass__domain_only__sensor_family__GaN_polymer,c8x16_z64_spectral_composite_beta1_cyclical_4,arpls_minmax,2718,9.078672171479342,0.0064801371673656,0.1418542526793647,0.0312763588992573,2.2970371438026302,49,49,0.2653263325493956,-0.223439064718352,0.0353400520980358
domain,domain__quality_pass__domain_only__sensor_family__GaN_polymer,c8x16_z64_spectral_composite_beta1_cyclical_4,arpls_minmax,3141,8.966288682313314,0.0063999205441208,0.1400982606611455,0.0049191731615245,1.8186690571088373,22,15,0.1927140791626193,-0.2123770336777397,0.0319518856704235
domain,domain__quality_pass__domain_only__sensor_family__H_SERS_H_Kit,c8x16_z64_spectral_composite_beta1_cyclical_4,arpls_minmax,1729,10.16138087353738,0.007252948517871,0.1587715761490215,0.0298453737949923,2.139405826269682,52,56,0.3196226219563173,-0.2143509092667316,0.0423945970833301
domain,domain__quality_pass__domain_only__sensor_family__H_SERS_H_Kit,c8x16_z64_spectral_composite_beta1_cyclical_4,arpls_minmax,2718,10.359266145985844,0.007394194251239,0.1618635335310287,0.0622245168373345,2.036943023198555,60,59,0.3412386373758981,-0.2243247672183551,0.0440403036773204
domain,domain__quality_pass__domain_only__sensor_family__H_SERS_H_Kit,c8x16_z64_spectral_composite_beta1_cyclical_4,arpls_minmax,3141,10.137875166048728,0.0072361707109555,0.1584042994695113,0.05143406496164,1.2933342723864163,56,55,0.3456911657082753,-0.2135865185925878,0.043141346424818
domain,domain__quality_pass__domain_only__sensor_family__NRC_Canadian_SERS,c8x16_z64_spectral_composite_beta1_cyclical_4,arpls_minmax,1729,5.861079893038537,0.0041834974254379,0.0915793733287271,0.0083500505180153,1.0920054655861309,20,24,0.1617585709912629,-0.2272135271609806,0.0522734746336936
domain,domain__quality_pass__domain_only__sensor_family__NRC_Canadian_SERS,c8x16_z64_spectral_composite_beta1_cyclical_4,arpls_minmax,2718,5.397395924344233,0.0038525309952492,0.0843343113178786,0.0076891402671952,1.5862141173965765,26,27,0.1485094810206214,-0.1907342723104883,0.0474749356508255
domain,domain__quality_pass__domain_only__sensor_family__NRC_Canadian_SERS,c8x16_z64_spectral_composite_beta1_cyclical_4,arpls_minmax,3141,6.39126092080934,0.0045619278521123,0.0998634518876459,0.0196585839618898,1.30845352099977,49,50,0.2191615692480082,-0.2191750709668103,0.0469069443643093
domain,domain__quality_pass__domain_only__sensor_family__pSERS_Metrohm_silver,c8x16_z64_spectral_composite_beta1_cyclical_4,arpls_minmax,1729,8.378892904826087,0.0059806516094404,0.1309202016379075,0.0903317953662307,0.7969547375098341,63,64,0.3388455542887312,-0.2622686658932009,0.0598008148372173
domain,domain__quality_pass__domain_only__sensor_family__pSERS_Metrohm_silver,c8x16_z64_spectral_composite_beta1_cyclical_4,arpls_minmax,2718,6.781101392763677,0.0048401865758484,0.1059547092619325,0.0552352080874517,0.7800698543805898,61,64,0.278408244267239,-0.2590002935349618,0.0585153549909591
domain,domain__quality_pass__domain_only__sensor_family__pSERS_Metrohm_silver,c8x16_z64_spectral_composite_beta1_cyclical_4,arpls_minmax,3141,6.74419435311404,0.0048138432213519,0.1053780367674068,0.0553721960759583,0.5513673076418598,61,64,0.2873534599961972,-0.2366996202360508,0.0602929703891277
