epoch,beta,learning_rate,train_loss,train_reconstruction_loss,train_kl_unnormalized,train_kl_normalized,mean_unclipped_gradient_norm
1,0.0,0.001,0.07062952736120545,0.07062952736120545,27.276613748743294,0.01946938882851056,0.09457046538591385
2,0.02,0.001,0.05353952808661407,0.049371295907859054,291.98469773196103,0.2084116329278808,0.10670615839106697
3,0.04,0.001,0.04050343915652693,0.036281475968910064,147.874257051275,0.10554907712439329,0.11002784541675023
4,0.06,0.001,0.03504954898792706,0.03135774287112643,86.20368206581372,0.06153010854090915,0.08466056787541934
5,0.08,0.001,0.03368132824308417,0.031067252732562216,45.778991913527584,0.03267593998110463,0.07589024571435792
6,0.1,0.001,0.03225431704705351,0.030042580753732263,30.986429604519618,0.0221173658847392,0.04439474642276764
7,0.12,0.001,0.03148395571480976,0.0297056865030795,20.76129273832514,0.014818909877462627,0.0397880868986249
8,0.14,0.001,0.030730302066782886,0.02877733763098047,19.543591042850796,0.013949743785046964,0.029696378457759107
9,0.16,0.001,0.029605106825239202,0.027671762589323388,16.928844700502545,0.01208340092826734,0.03446025667446
10,0.18,0.001,0.02852356775841686,0.026275490718276312,17.497536849975585,0.012489319664507913,0.06641349568963051
11,0.2,0.001,0.027339882102240337,0.024798172277011227,17.804676368799104,0.012708548443111423,0.06324924076242107
12,0.22,0.001,0.026550575567597753,0.02382292989432142,17.370143856091445,0.012398389618908955,0.045307030635220666
13,0.24,0.001,0.02607635281812609,0.023255379313833258,16.46743401730998,0.011754057114425396,0.03009746809090887
14,0.25,0.001,0.025474473352680046,0.022853608287117456,14.68732917871368,0.01048346122677636,0.03115554659494332
15,0.25,0.001,0.02494367558634683,0.022190249317817472,15.430199901709395,0.011013704426630546,0.04148815864963191
16,0.25,0.001,0.024449451749077002,0.021539269550965072,16.30865938422385,0.011640727611865704,0.024873481398182257
17,0.25,0.001,0.024023211466964713,0.02119457611207212,15.851674094896637,0.011314542537399455,0.026398211318467344
18,0.25,0.001,0.02364130602375175,0.020773544706655354,16.07093649017677,0.011471046745308187,0.02885610397372927
19,0.25,0.001,0.023563975740349696,0.02068524800994423,16.132391410999084,0.011514911785152808,0.041754548837031634
20,0.25,0.001,0.02335187244030197,0.020511143139741395,15.919447611690908,0.011362917638608784,0.046926740290863175
21,0.25,0.001,0.023050530426455346,0.020142699146036353,16.295486334468542,0.011631325006758416,0.0422940508994673
22,0.25,0.001,0.02281948271092404,0.019981203236606685,15.905718664105018,0.011353118247041412,0.03983768115618399
23,0.25,0.001,0.022388160161757736,0.019644171250670143,15.377315613393034,0.010975956897496811,0.02098182389246566
24,0.25,0.001,0.022462453471308343,0.019628772599978393,15.879947433043062,0.011334723364056432,0.03210964133696897
25,0.25,0.001,0.02218685801025857,0.019439597272973383,15.395649594939156,0.010989043251205678,0.018223018385469913
26,0.0,0.001,0.01883015273076095,0.01883015273076095,19.98369070331702,0.01426387630500858,0.031648805897150724
27,0.02,0.001,0.018378384708521073,0.0178925823378429,34.03046769560053,0.02429012683483264,0.036635691699172766
28,0.04,0.001,0.018539053201675416,0.017095742814159126,50.55194993608453,0.036082762267012514,0.01746946041073118
29,0.06,0.001,0.01907388800231928,0.016772673467404388,53.733367619889506,0.03835358145602392,0.019761446863412857
30,0.08,0.001,0.019174808000078362,0.016847073525357782,40.76444826447562,0.02909667970340872,0.018770430104008744
31,0.1,0.001,0.019312471251809196,0.017257037105854977,28.796630263596438,0.020554339945464982,0.011332135980150529
32,0.12,0.001,0.019601982928226503,0.01748357956831375,24.73235792952977,0.01765336040651661,0.01936084178409406
33,0.14,0.001,0.019909823468227065,0.017516316272569506,23.9521671852369,0.017096479075829337,0.024387422682983533
34,0.16,0.001,0.020096269919631187,0.017472664861196884,22.972942922356424,0.01639753242138217,0.028667244261928966
35,0.18,0.001,0.020453127950764774,0.01767595111486617,21.61569168005097,0.015428759229158436,0.021034777829689637
36,0.2,0.001,0.020461963075265457,0.017523827931184448,20.581636518842718,0.014690675602314573,0.020518384341682707
37,0.22,0.001,0.02055456994540906,0.017635414770312524,18.589711757188432,0.013268887763874684,0.01832341921648809
38,0.24,0.001,0.020768969619039738,0.017681415450204623,18.02359879097242,0.012864809986418573,0.031192028362836157
39,0.25,0.001,0.020866654424017736,0.017862978041841743,16.832603124554236,0.012014706013243566,0.030094906155552183
40,0.25,0.001,0.020581174533018904,0.01745481373470151,17.52012466259217,0.012505442300208544,0.040968193007366996
41,0.25,0.001,0.019813524981897868,0.016839649553379316,16.665598099955012,0.011895501855785163,0.038213456448699744
42,0.25,0.001,0.018990195739302742,0.01594436325216561,17.068846597564356,0.012183330904756857,0.03473860664027078
43,0.25,0.001,0.018130128659056815,0.015154887007528477,16.673252812932045,0.011900965605233437,0.020748400927654335
44,0.25,0.001,0.017706829732221162,0.014669719367717089,17.01996613834681,0.01214844121223898,0.034484335620488436
45,0.25,0.001,0.01735912298972017,0.014296095385059212,17.165207809276794,0.01225211121290278,0.03081013115921191
46,0.25,0.001,0.01715921801881174,0.014132097861572598,16.963980938343518,0.012108480327154544,0.025112941595060483
47,0.25,0.001,0.016944544268458078,0.014060369008377697,16.162919458110682,0.011536701968672864,0.023899401405027935
48,0.25,0.001,0.016886812959159357,0.0137809617800659,17.405191022894357,0.012423405441038085,0.019371237472764084
49,0.25,0.001,0.01655607030549076,0.013669816739438624,16.17456671896945,0.011545015502476412,0.017385715884821757
50,0.25,0.001,0.01649447710075405,0.013592963008565849,16.260084548693026,0.011606056066162046,0.01844137441366911
51,0.0,0.001,0.013156929758659909,0.013156929758659909,20.01146722429254,0.01428370251555499,0.025083996621625766
52,0.02,0.001,0.012522263753782497,0.011958380388828476,39.50003500949131,0.028194172026760396,0.02018823767346995
53,0.04,0.001,0.012971070482071197,0.011457108415328385,53.026520649770674,0.03784905114187771,0.011039276075150286
54,0.06,0.001,0.013335921018897148,0.011279789134441467,48.01067912926835,0.034268864474852494,0.012539478218449014
55,0.08,0.001,0.013447577613039633,0.011545257960979858,33.31437606382906,0.02377899790423202,0.010415857192128897
56,0.1,0.001,0.013699360401108024,0.011899535280516309,25.215549280402367,0.01799825073547635,0.011979317691709315
57,0.12,0.001,0.013990834141882617,0.011923247320431003,24.139077895946716,0.01722989143179637,0.013334828428924084
58,0.14,0.001,0.014269304252491238,0.011861685169546792,24.0933869351162,0.017197278326278514,0.013436014098780496
59,0.16,0.001,0.014518628734048833,0.0119714917928985,22.303369522094727,0.01591960708215184,0.0132073223856943
60,0.18,0.001,0.014710181589458096,0.01210284104800961,20.293798772404703,0.014485223963172521,0.01602286978491715
61,0.2,0.001,0.014908826608587517,0.012142979282509075,19.37476099421469,0.013829236969460878,0.024455894316945757
62,0.22,0.001,0.0151002521511544,0.012255130572181739,18.118251894832998,0.012932371088389006,0.015084248036146164
63,0.24,0.001,0.015291923334759273,0.012248216146666012,17.767640754613982,0.012682113315213406,0.013797859195619822
64,0.25,0.001,0.015357875685845868,0.012382278786030378,16.67524505358064,0.011902387618544353,0.014399873092770576
65,0.25,0.001,0.015292725793682457,0.012308377979762768,16.724285877956433,0.011937391775843279,0.011245917928005968
66,0.25,0.001,0.015262099753102559,0.012368864160072938,16.21369353305088,0.011572943278408908,0.013839806030903543
67,0.25,0.001,0.01522495842046952,0.012247663374278652,16.684760400150598,0.011909179443362311,0.011468696873635054
68,0.25,0.001,0.015130904028087519,0.012299680879360505,15.866174084952709,0.011324892280480163,0.01411937257008893
69,0.25,0.001,0.015093677264920781,0.012193733175400267,16.25128645950489,0.01159977620235895,0.013581696365560805
70,0.25,0.001,0.014990743900534143,0.012128479692959384,16.04012733202302,0.011449055911508223,0.019860773081226007
71,0.25,0.001,0.014906607685464151,0.01210472873213251,15.701730027359524,0.011207516079485742,0.009842509869486094
72,0.25,0.001,0.014938405574707502,0.01214795425910963,15.63768878679597,0.011161804987006403,0.013632955229175943
73,0.25,0.001,0.014937065525001354,0.012086984272418397,15.971856115105448,0.011400325563958208,0.016270090958901813
74,0.25,0.001,0.014847840808248252,0.01201724282811197,15.862671104173982,0.011322391937311908,0.01789696142077446
75,0.25,0.001,0.014812908830183946,0.012072332981932029,15.35818725114458,0.010962303534007551,0.015833459794521332
76,0.0,0.001,0.011561913792504354,0.011561913792504354,20.406911447074975,0.01456596106143824,0.024551387077995708
77,0.02,0.001,0.01122883086961307,0.010623277223595743,42.41903182469057,0.030277681530828385,0.01364727517856019
78,0.04,0.001,0.011780220805928948,0.010212219753459598,54.91924033861482,0.03920002879273007,0.01339893282524177
79,0.06,0.001,0.012121393841304137,0.010242158411007918,43.880147106727854,0.03132059036882787,0.010541793956820453
80,0.08,0.001,0.012208902446574039,0.010571434321614464,28.67616549288289,0.02046835509841748,0.008974665975464242
81,0.1,0.001,0.012488232511148023,0.010866124655925825,22.72573335626152,0.01622108019718881,0.00950186194053718
82,0.12,0.001,0.012740126547267598,0.010778682796138056,22.89985736461168,0.0163453657134987,0.008562714593218905
83,0.14,0.001,0.013087356471446123,0.010831124743635064,22.57843107159218,0.01611593938015145,0.009202614892274141
84,0.16,0.001,0.013303113588540073,0.01092919245613425,20.786647475167605,0.014837007476921916,0.009900152151073729
85,0.18,0.001,0.013538676347541675,0.011072319239545405,19.196478764394694,0.013701983414985507,0.009825058747082949
86,0.2,0.001,0.013803979852812344,0.011113605562471941,18.846072147669418,0.01345187162574548,0.00981452628704054
87,0.22,0.001,0.013954047607571891,0.01119064860297053,17.597827701354294,0.012560904854642608,0.011227356469524758
88,0.24,0.001,0.014230418318275656,0.011369799983719092,16.69885979127348,0.011919243248589208,0.01159824151545763
89,0.25,0.001,0.014331535346220049,0.01137537086445294,16.56634530485346,0.011824657605177345,0.012416197519217218
90,0.25,0.001,0.014262164698055621,0.011415458014339543,15.952944136201666,0.01138682664967999,0.01606618533177035
91,0.25,0.001,0.014338187990563639,0.011455639669399583,16.15380130296343,0.011530193649509943,0.02291470273797001
92,0.25,0.001,0.014326713091871711,0.011544894395668186,15.589313157756678,0.01112727563009042,0.02178388767476593
93,0.25,0.001,0.014257745465703225,0.011417595276169562,15.91620187652245,0.011360600911150927,0.017308510573846952
94,0.25,0.001,0.014280204893497938,0.011444111145363095,15.893469534027442,0.011344375113509952,0.019424593608294214
95,0.25,0.001,0.014283785177917962,0.011424306428499436,16.0245195195916,0.011437915431542899,0.014383011630603246
96,0.25,0.001,0.014106327749453904,0.011322652933637748,15.599713184056657,0.011134698917956215,0.009038080527846302
97,0.25,0.001,0.014190758722886611,0.011383831817028898,15.730018319976464,0.011227707580282987,0.012256998169635023
98,0.25,0.001,0.014008703421843186,0.01123272232460172,15.556598178992111,0.011103924467517567,0.012363056386155742
99,0.25,0.001,0.014144907098556503,0.011430507419065813,15.21149621384867,0.010857599010598623,0.01405921099441392
100,0.25,0.001,0.014224588121758417,0.011408050640831502,15.783876770533873,0.011266150442922108,0.02047174916203533
101,0.25,0.001,0.014134888710935463,0.011325627630262562,15.74309916764163,0.011237044373762762,0.021040453176413263
102,0.25,0.001,0.014080864676598753,0.011365854553878308,15.214917013618383,0.010860040694945313,0.014710233945931708
103,0.25,0.001,0.014181825204679135,0.011475617384140411,15.165589508313811,0.010824831911715783,0.017307916256998266
104,0.25,0.001,0.014092841643965646,0.01134204656890269,15.41545777910211,0.011003181855176382,0.01666095294058323
105,0.25,0.001,0.013955909086998258,0.011218610772172387,15.339819479524419,0.010949193061759043,0.011189999258411782
106,0.25,0.001,0.013940970474079753,0.011183422192763746,15.453300638948933,0.011030193175552415,0.008982111832925252
107,0.25,0.001,0.013897915931648753,0.011186681066252542,15.193760389692327,0.01084493960720366,0.008363649382122926
108,0.25,0.001,0.01394317883872584,0.011191110595474752,15.422591618741496,0.011008273817802639,0.018829688030694212
109,0.25,0.001,0.013891775033363465,0.011234845886572023,14.889431719833546,0.010627717144777692,0.013807012566498347
110,0.25,0.001,0.013872249524914816,0.01110149717816476,15.527296784218777,0.01108300983884281,0.011916589524064745
111,0.25,0.001,0.01387195157703389,0.011209902215456025,14.918124158194896,0.010648197115057028,0.014767865184694529
112,0.25,0.001,0.01389133691620291,0.01112749053353674,15.488596061106477,0.011055386196364366,0.012604787147470884
113,0.25,0.001,0.013833719751473223,0.011072914609999469,15.471551496527168,0.01104322019737842,0.013509585854730435
114,0.25,0.001,0.013750866024095691,0.011034342353598455,15.223398562227741,0.010866094619720015,0.011407162195869855
115,0.25,0.001,0.013827074758624762,0.011125530139281508,15.13945666109578,0.010806178915842813,0.0123677398743374
116,0.25,0.001,0.013777547208278366,0.011170532713445385,14.609708550271023,0.01042805749484013,0.012353955235864435
117,0.25,0.001,0.013759239968121721,0.010980338065393185,15.572965176185866,0.01111560683525044,0.011334037009094442
118,0.25,0.001,0.013750364258885383,0.011079352723664782,14.968348018774826,0.010684045695056979,0.013121351932308503
119,0.25,0.001,0.013766017652462038,0.010992587634016959,15.542301021533065,0.011093719501451153,0.01765140731419836
120,0.25,0.001,0.013840430596152718,0.011110455909053261,15.298777470963724,0.010919898266212508,0.023099873880190507
121,0.25,0.001,0.013751019573027498,0.010996171966027677,15.438166416896863,0.011019390732974206,0.01483965598578964
122,0.25,0.001,0.013767462006110823,0.011028173038463915,15.35097467872534,0.010957155373822513,0.011602302946682488
123,0.25,0.001,0.013637287533852491,0.010947545611540254,15.073313845945208,0.010758967770125059,0.01251640124246478
124,0.25,0.001,0.013667887110221252,0.010968228548848897,15.128886207837738,0.010798633981326008,0.014113315647201878
125,0.25,0.001,0.01369003900693039,0.010943646015327298,15.390786027372553,0.010985571754013242,0.015250015072524548
126,0.25,0.001,0.013759298220779119,0.011068931571469548,15.076814647203081,0.010761466557603912,0.02025099877001984
127,0.25,0.001,0.013672349007611865,0.010914201768680234,15.45665801830506,0.011032589591937944,0.01858806490365948
128,0.25,0.001,0.013743194123583564,0.011093521095142606,14.848767835638496,0.010598692245280868,0.023135243648929254
129,0.25,0.001,0.013660900093866198,0.010960379770297683,15.133716317508998,0.010802081597079941,0.017817816963153228
130,0.25,0.001,0.013628031125061968,0.010911283585546392,15.224654234125373,0.010866990888026676,0.010340170136519842
131,0.25,0.001,0.01353743216546064,0.010865875094961584,14.97140618013532,0.010686228536856046,0.011543323685015951
132,0.25,0.001,0.01354251845708389,0.010889188055828046,14.86926329537724,0.010613321409976615,0.009556248251880919
133,0.25,0.001,0.01358143114641811,0.010811859737621264,15.52067759224538,0.01107828521930434,0.012590625855539526
134,0.25,0.001,0.013562078407724922,0.01083652215350545,15.274016468176681,0.010902224459797773,0.011733309498855047
135,0.25,0.001,0.01354796818635437,0.010790389677865452,15.453469321433078,0.011030313577040027,0.011955611474279846
136,0.25,0.001,0.013433725895422898,0.010806182441249323,14.724754269203443,0.01051017435346427,0.009459716134837695
137,0.25,0.001,0.013542157013931971,0.010831331806989869,15.19146528351173,0.01084330141578282,0.010647857561707497
138,0.25,0.001,0.013478782894403747,0.010757065671129842,15.252503015753929,0.010886868676483889,0.009127081438366855
139,0.25,0.001,0.013523428374378199,0.010871188543485791,14.863153284051446,0.010608960231300105,0.010860910705689873
140,0.25,0.001,0.013553642106943585,0.01088337954970893,14.964151727483515,0.010681050483571389,0.011614364571869373
141,0.25,0.001,0.013425951229220027,0.010671992729721445,15.433183299289661,0.01101583390384701,0.008391535707882472
142,0.25,0.001,0.013456925161685167,0.010755524878505241,15.13864744593588,0.010805601317584497,0.010559283463018281
143,0.25,0.001,0.013437731892623928,0.010726079842850064,15.196099172013529,0.01084660897359995,0.010190377344510384
144,0.25,0.001,0.01344020077644774,0.010768695345169372,14.971117739731007,0.010686022655054252,0.011542710342577525
145,0.25,0.001,0.013451661412300689,0.010701421095748965,15.412346640597569,0.01100096119957,0.012353470815079553
146,0.25,0.001,0.01344001256766614,0.010743408662716994,15.111768671100059,0.010786415896573918,0.012279362816895758
147,0.25,0.001,0.013375324515228191,0.010716552362683113,14.899759172589592,0.01063508863139871,0.013157788664102554
148,0.25,0.001,0.01345309718103891,0.010727638075274697,15.273472880245594,0.010901836459846962,0.012053611688315868
149,0.25,0.001,0.013464423130904691,0.010743790810530106,15.246423108390209,0.010882528985289228,0.01788051433062979
150,0.25,0.001,0.013396905373070348,0.010721979558133008,14.990284521124336,0.010699703441202238,0.020196987449058464
151,0.25,0.001,0.013485944258530488,0.010785884678028943,15.131134069635626,0.010800238450846272,0.017896373623183796
152,0.25,0.001,0.013408862328512615,0.010703991694647945,15.158095910575952,0.010819483162438224,0.01432723771514637
153,0.25,0.001,0.013422880757055925,0.010751317638192284,14.971438602918989,0.010686251679456808,0.01456332326467548
154,0.25,0.001,0.013387675162697775,0.010648566844423165,15.349962898854459,0.010956433189760499,0.01609892850475652
155,0.25,0.001,0.013289861234553745,0.010645973238717304,14.816348363040538,0.010575552007880469,0.011141593501503979
156,0.25,0.001,0.0133267652075947,0.010694569405796153,14.7508258648133,0.01052878362941706,0.010164107329079084
157,0.25,0.001,0.013296326781424244,0.010547710804457076,15.40324408070425,0.01099446401192309,0.009826220505471741
158,0.25,0.001,0.013347149234306946,0.010672416609157338,14.989202762989516,0.010698931308343694,0.014909782446920872
159,0.25,0.001,0.013313977669380354,0.010640291783833102,14.983335124240833,0.010694743129365334,0.016812146441744908
160,0.25,0.001,0.013434922753759983,0.01068468721311414,15.41232134143958,0.011000943141641384,0.015037726344806808
161,0.25,0.001,0.013401368113883426,0.010749775248715716,14.859526209884814,0.010606371313265393,0.01980145920866302
162,0.25,0.001,0.013301248737516699,0.010575615453502435,15.274449637766635,0.010902533645800596,0.009019708859601192
163,0.25,0.001,0.013306810120853146,0.010646049605075564,14.910902359780302,0.010643042369579088,0.013783314132264681
164,0.25,0.001,0.013238936189687654,0.010536229754850435,15.145966120516317,0.010810825210932417,0.009089284310383456
165,0.25,0.001,0.01331765285871002,0.010715424773816982,14.582885821481769,0.010408912078145446,0.014169535865741116
166,0.25,0.001,0.013321280278516619,0.010593085916022236,15.288801711864686,0.010912777810039033,0.018544747361115048
167,0.25,0.001,0.013308251674255629,0.010597070833940184,15.19345751344488,0.01084472342144531,0.012049389670469932
168,0.25,0.001,0.013235227633895499,0.010536101077463519,15.125905964883525,0.010796506755805515,0.012816409048225199
169,0.25,0.001,0.013228029946095487,0.010549856527718934,15.008482883753402,0.0107126929934,0.009603626560419798
170,0.25,0.001,0.01324041946843434,0.010540266184324628,15.131658438350378,0.010800612732584139,0.00892550019281251
171,0.25,0.001,0.013190323267173901,0.010498628405372749,15.084258651733398,0.010766779908446393,0.011698091668742043
172,0.25,0.001,0.013202043153931586,0.010493583060549885,15.178210217765209,0.010833840269639692,0.010118516694222177
173,0.25,0.001,0.013291275078493557,0.010598701684411321,15.08918100849966,0.01077029336795122,0.013135599704193217
174,0.25,0.001,0.01317796762404817,0.010553605831489805,14.7069241555889,0.010497447648528837,0.013165469813559736
175,0.25,0.001,0.013120743318387631,0.01043810768241293,15.033489077278738,0.01073054181104835,0.009588138200342655
176,0.25,0.001,0.01323683982442939,0.01056342881717039,14.981795512424426,0.01069364419159488,0.010628271448825086
177,0.25,0.001,0.013258775673136953,0.010562526003530855,15.109783116887124,0.01078499865587946,0.012837113147335393
178,0.25,0.001,0.013186824602190029,0.010500467480735833,15.054345205928502,0.010745428412511422,0.012598316451268536
179,0.25,0.001,0.013251102276230126,0.010600546109123846,14.853716968150621,0.010602224816667111,0.013316265706505095
180,0.25,0.001,0.013212818281955264,0.010488656803630711,15.26620100642858,0.010896645971754874,0.012386242859065533
181,0.25,0.001,0.013300429062729472,0.01062266980245542,15.006163288502211,0.010711037322271386,0.0168935874743121
182,0.25,0.001,0.013237215490655953,0.010499016392264473,15.344867575570438,0.010952796270928222,0.015375695723508085
183,0.25,0.001,0.013227220009384531,0.010539468683386117,15.062159079648136,0.010751005767057913,0.011252503509500198
184,0.25,0.001,0.013181760526272688,0.010480657232443938,15.136983622861711,0.010804413720814926,0.010501075269920486
185,0.25,0.001,0.013147525342830112,0.010445181686389313,15.14393393698703,0.01080937468735691,0.012440651256058897
186,0.25,0.001,0.01315723585404372,0.010443218121451608,15.209355232153046,0.010856070829516807,0.01049811765551567
187,0.25,0.001,0.013120860577131925,0.01045339232038581,14.948492339487826,0.010669873190212582,0.010772118943610362
188,0.25,0.001,0.013163690057614546,0.010494788018254082,14.956527242767677,0.010675608310326679,0.009424431781683649
189,0.25,0.001,0.013125544880631935,0.010387340079197723,15.344900321960449,0.010952819644511384,0.009474887579147304
190,0.25,0.001,0.013147434759675787,0.01045841435284427,15.069269718213027,0.010756081169316936,0.009115534302379404
191,0.25,0.001,0.01322494750486666,0.010482063941824972,15.371118725551648,0.01097153370845942,0.014032571310443538
192,0.25,0.001,0.013083666236547942,0.010399242057308052,15.043512590815512,0.010737696353187375,0.01483840521957193
193,0.25,0.001,0.013092987126346385,0.01047006215523468,14.69887129965793,0.010491699714245488,0.015018610350255455
194,0.25,0.001,0.013079889210757244,0.010364110656919775,15.219223202480359,0.010863114348665496,0.01560073858126998
195,0.25,0.001,0.01314502250235737,0.01045597946961944,15.069397319836563,0.010756172248277346,0.018326168347682272
196,0.25,0.001,0.013169739240508401,0.010449761104131683,15.242757825101359,0.010879912794504896,0.012784530940864767
197,0.25,0.001,0.013180121689448866,0.010522895676784971,14.891094719961789,0.010628904154148314,0.01317550428211689
198,0.25,0.001,0.013174550369214475,0.010410365870410807,15.490490778376547,0.011056738599840504,0.01288495332534824
199,0.25,0.001,0.013122865126541492,0.010428172994530603,15.101056308960647,0.010778769670921232,0.012650075102491038
200,0.25,0.001,0.013087513281053372,0.010428150529774386,14.903070031926873,0.010637451842917112,0.011783868540078402
201,0.25,0.001,0.013134135207517094,0.010430311763219619,15.152226615219973,0.010815293801013542,0.015001636929810047
202,0.25,0.001,0.013049811941016926,0.010339654400274994,15.187724383493487,0.010840631251601347,0.013124612958303519
203,0.25,0.001,0.013071875652988976,0.01040107181944539,14.96718440752351,0.010683215137418637,0.014759165900094169
204,0.25,0.001,0.012985450184244789,0.010318972540789105,14.942939621143127,0.010665909793820934,0.013161179875688893
205,0.25,0.001,0.01304396302386951,0.010368401954850453,14.993844051575392,0.010702244148162307,0.013993902264961175
206,0.25,0.001,0.012904285610224425,0.010262645134346538,14.803753683540258,0.010566562229507678,0.011015567263322217
207,0.25,0.001,0.013005406149987424,0.010374154192343187,14.745536186989774,0.010525007985003408,0.013047624246350356
208,0.25,0.001,0.013036394510627462,0.010344121261928858,15.087498056218866,0.010769092117215464,0.011825179548135825
209,0.25,0.001,0.013107243571639731,0.010430459774444612,15.000697654552674,0.01070713608462004,0.011022624958838736
210,0.25,0.001,0.013114227000833227,0.010387402481995942,15.281124515747756,0.01090729801266792,0.010608518762247903
211,0.25,0.001,0.013007729896082638,0.010371242668688966,14.774875357981479,0.010545949577431463,0.012416754982301168
212,0.25,0.001,0.013022114018375953,0.01031870176659876,15.149922154458721,0.010813648932518717,0.00936190877109766
213,0.25,0.001,0.013043062759333113,0.010364198439827796,15.01235581730189,0.01071545739992997,0.010906546310122524
214,0.25,0.001,0.013078003925051582,0.01031490590716346,15.484400605619623,0.011052391581455833,0.012574552425316401
215,0.25,0.001,0.013017042265849167,0.010385542017606537,14.74692644269279,0.010526000315983433,0.010203369693564517
216,0.25,0.001,0.013091299682855606,0.010401074142519678,15.076023644007993,0.010760901958606704,0.012842959857412748
217,0.25,0.001,0.013030087550202112,0.010269082126239042,15.472674779141887,0.011044021969408912,0.01472153328359127
218,0.25,0.001,0.013070233735475648,0.010366219897451026,15.153292645229383,0.01081605470751562,0.015078553264694554
219,0.25,0.001,0.01306172383928232,0.010388737615574612,14.97941454983829,0.010691944717943106,0.01686394214630127
220,0.25,0.001,0.013035777173517796,0.010327061489643005,15.179643146643478,0.010834863059702696,0.011457555262105805
221,0.25,0.001,0.012967159743473101,0.010266354035460548,15.135314364915484,0.0108032222447648,0.010788592909063612
222,0.25,0.001,0.012983645486195435,0.010333876056450137,14.849308461821481,0.010599078131207338,0.011187805661133357
223,0.25,0.001,0.012927748940968781,0.010251008811291684,15.000451325834467,0.010706960261123817,0.011638650071940251
224,0.25,0.001,0.012948299337471469,0.01027006134181545,15.008845817908812,0.01071295204704412,0.011830855293997697
225,0.25,0.001,0.012930614706338122,0.010224468554003855,15.165242295854547,0.010824584079839078,0.01243625528046063
226,0.25,0.001,0.01297645792783646,0.010306012161662069,14.96517830537946,0.01068178323010668,0.01332105922379664
227,0.25,0.001,0.013018399489562163,0.010366173860815803,14.86307205243057,0.010608902250128886,0.016401358347918307
228,0.25,0.001,0.012969108754664324,0.010297213961485396,14.973299150788382,0.010687579693639102,0.015518447650330407
229,0.25,0.001,0.012970418342797274,0.010293385118580935,15.002094675985616,0.010708133244814858,0.012507237227899688
230,0.25,0.001,0.012997595873776446,0.010237593852569548,15.467050809538767,0.011040007715587986,0.011612852503146445
231,0.25,0.001,0.012958263099361001,0.010298836327503237,14.903429230679286,0.01063770823032069,0.012391284906438418
232,0.25,0.001,0.01296163016951151,0.010265733236760905,15.107807032981615,0.010783588174861967,0.01097357040271163
233,0.25,0.001,0.012984516348145651,0.010219435573796207,15.495513095212786,0.011060323408431681,0.011702224213097776
234,0.25,0.001,0.012934751396349977,0.010305983476926772,14.731615490859815,0.01051507172795133,0.011609777941235475
235,0.25,0.001,0.012846561341305797,0.010216412806276526,14.73935305134634,0.010520594611953133,0.013540197829050677
236,0.25,0.001,0.012921109801848952,0.010207843035459518,15.205147981107904,0.010853067795223343,0.011610217458967651
237,0.25,0.001,0.012909734247022131,0.010192659505632487,15.226486953992522,0.010868299039252335,0.016114928227450167
238,0.25,0.001,0.01292212496438388,0.01025698831032836,14.93542466324367,0.010660545798175353,0.014190911049289363
239,0.25,0.001,0.012996500293106845,0.010331587459933891,14.93417147304235,0.010659651301243647,0.014770689287355967
240,0.25,0.001,0.012939110352249627,0.010188464638306183,15.414618014217762,0.011002582451261785,0.011862271066222872
241,0.25,0.001,0.012908956224329016,0.010234136105086026,14.98969082993068,0.010699279678751377,0.010274352106664861
242,0.25,0.001,0.012904484402597621,0.010228956166361824,14.99365990885188,0.010702112711528822,0.012021742561565978
243,0.25,0.001,0.012948722478127882,0.010245815467800987,15.147091181894366,0.010811628252601261,0.009074051132691758
244,0.25,0.001,0.01290457449811563,0.01010593722124448,15.68356422681487,0.011194549769318251,0.01146255832697664
245,0.25,0.001,0.012898866430427251,0.01023376923096314,14.93520406444421,0.010660388340074383,0.012690449665699686
246,0.25,0.001,0.01285801614854443,0.010183516437752864,14.987896964255343,0.010697999260710451,0.010611582680472307
247,0.25,0.001,0.012878107631139541,0.010207892110927052,14.963887482546689,0.010680861871910556,0.011927728009011065
248,0.25,0.001,0.012862971433427897,0.010161005328880268,15.141819493154461,0.0108078654483615,0.014062289680753435
249,0.25,0.001,0.012936426577775667,0.010213312157168147,15.260334387789952,0.010892458520906461,0.011728373755301748
250,0.25,0.001,0.012840872965334506,0.01008514380187131,15.443106034096708,0.011022916512560106,0.01028000530121582
251,0.25,0.001,0.012791353083226119,0.010169708940169114,14.691693410980568,0.010486576310478635,0.012797741485493523
252,0.25,0.001,0.012790279891969783,0.010117085627541784,14.980580396330758,0.010692776871042654,0.009095193086458104
253,0.25,0.001,0.012818026952864079,0.01009113515486543,15.281503111592839,0.01090756824524828,0.011946511321834155
254,0.25,0.001,0.012893837719653429,0.010204581227781397,15.070593407448758,0.01075702598675857,0.011069783541773046
255,0.25,0.001,0.01285125162829174,0.010035600582284204,15.778907853030088,0.011262603749486145,0.008537981792220048
256,0.25,0.001,0.012828632364614626,0.01019219398247392,14.774600217583474,0.0105457531888533,0.01383185905537435
257,0.25,0.001,0.01289339152824008,0.01014194470945369,15.419107912899403,0.011005787232619132,0.012509427964687347
258,0.25,0.001,0.012864843542488773,0.010109928476341654,15.438544050495276,0.011019660278726107,0.010229073531393493
259,0.25,0.001,0.012880070294054706,0.010212551111753067,14.948777951015515,0.010670077052830488,0.0160412337364895
260,0.25,0.001,0.012933747750822079,0.01018668402488647,15.394544687163965,0.010988254594692338,0.02046398153262479
261,0.25,0.001,0.012889040045942483,0.010296062691911552,14.531045425072145,0.010371909653870196,0.02056591838066067
262,0.25,0.001,0.01284118000878377,0.010100925929342093,15.356382012099363,0.010961014997929595,0.014605878719261714
263,0.25,0.001,0.01277474078946234,0.010103964583759898,14.967029777269685,0.010683104766074009,0.009517680720559188
264,0.25,0.001,0.012788595928904715,0.010015399132468057,15.540995469254055,0.011092787629731659,0.010022036265581846
265,0.25,0.001,0.012862473251193426,0.0101840202121085,15.01005069004016,0.010713812055703183,0.01204272945012365
266,0.25,0.001,0.01277122339338399,0.010092001136266784,15.014360910051325,0.010716888586760403,0.01133298993642841
267,0.25,0.001,0.012736200784029586,0.010018560832387276,15.229653827795822,0.010870559477370322,0.012949100362935237
268,0.25,0.001,0.012821548854869403,0.010128453463901965,15.09210628981001,0.01077238136317631,0.015379259096724647
269,0.25,0.001,0.012834177463409606,0.010125312071000592,15.180482105726606,0.010835461888455822,0.01286414305546454
270,0.25,0.001,0.012767735073405706,0.010099638862472572,14.952010555481642,0.010672384407909808,0.012927897673632418
271,0.25,0.001,0.01279058779349153,0.010132038256341822,14.898510414294982,0.010634197297855091,0.00833411920549614
272,0.25,0.001,0.012781725493207406,0.010051126702782813,15.302275698372487,0.010922395216539963,0.010112302311296974
273,0.25,0.001,0.012780367053542914,0.010088335465263115,15.08614517383361,0.010768126462408002,0.009914518467017583
274,0.25,0.001,0.012673654966056347,0.009953328483643827,15.2447100778644,0.010881306265427838,0.009750885622841972
275,0.25,0.001,0.012822762424691339,0.01015039664808284,14.975937864753638,0.010689463144006879,0.011107704868274075
276,0.25,0.001,0.012761563801447327,0.01006579263910149,15.107102284806498,0.010783085142617058,0.010168759285339288
277,0.25,0.001,0.012832877437552709,0.010120563598328762,15.199807914991057,0.010849256184861569,0.01458751197372164
278,0.25,0.001,0.012832894630395294,0.0101225582673476,15.188723604866627,0.010841344471710654,0.011193884004439627
279,0.25,0.001,0.012788220827750276,0.010120053723287047,14.952409026328098,0.010672668826786651,0.010791133024862834
280,0.25,0.001,0.012801336262668116,0.010108936255734958,15.088211025280899,0.01076960101733112,0.012456816887216908
281,0.25,0.001,0.012883778443832076,0.010140614954524495,15.37268767196141,0.010972653584554896,0.017367160879075527
282,0.25,0.001,0.012763737225800417,0.009979451824440046,15.603136184778107,0.011137142173289155,0.011284628217773778
283,0.25,0.001,0.01275527352948537,0.010090630388494289,14.932659693514363,0.010658572229489197,0.012728229431169373
284,0.25,0.001,0.012871305707297968,0.010165252509328086,15.164723614896282,0.01082421385788457,0.02267645765095949
285,0.25,0.001,0.012768087498425097,0.010102375724426146,14.938648806796985,0.010662847114059232,0.014581505142684494
286,0.25,0.001,0.012744470468063034,0.010038506001066625,15.16422541543339,0.010823858255127331,0.011395481149000781
287,0.25,0.001,0.0127243189727155,0.010011112248378523,15.204810148946354,0.010852826658776842,0.013343504630029202
288,0.25,0.001,0.01276741467123286,0.0100379936794719,15.295675764191017,0.010917684342748764,0.012859592347272806
289,0.25,0.001,0.012724171991177488,0.009981449065583476,15.370219552115108,0.010970891900153538,0.01181579421141318
290,0.25,0.001,0.012794452897283468,0.01015063575102707,14.815950773003395,0.010575268217704065,0.015845134987362793
291,0.25,0.001,0.012722561188209592,0.010012599137308223,15.186627707320653,0.010839848470607176,0.01241985841521195
292,0.25,0.001,0.012769929466120314,0.01009532550998618,14.988480422202121,0.010698415718916575,0.010857035871595144
293,0.25,0.001,0.012653493065010296,0.009943445778211182,15.187104557337387,0.010840188834644816,0.01192238527749266
294,0.25,0.001,0.012799019860417656,0.010025193952442555,15.544519827339087,0.011095303231505416,0.011057172901928425
295,0.25,0.001,0.01276639024988654,0.010061829227410005,15.156359751840656,0.010818243934218883,0.010891448839434556
296,0.25,0.001,0.012803900457416358,0.010034599626081043,15.51916190586733,0.011077203358934569,0.019644134944038733
297,0.25,0.001,0.012758518439414127,0.010064494496818338,15.097310792730095,0.010776096211798782,0.01665133038269622
298,0.25,0.001,0.012754068714095635,0.010048619502883278,15.161335880836743,0.010821795775044071,0.012344915552863054
299,0.25,0.001,0.012769308851592326,0.009995199957590425,15.546105511268873,0.011096435054438882,0.017263477934258326
300,0.25,0.001,0.012818732380532147,0.010074503529356437,15.378658854023794,0.010976915670252529,0.022528872692159245
301,0.25,0.001,0.012826997397488422,0.01019504890682992,14.749440163173032,0.010527794549017153,0.02435178216546774
302,0.25,0.001,0.012909280613399623,0.010193101798048181,15.221466679519482,0.010864715688450736,0.022628721914121082
303,0.25,0.001,0.012828404406148396,0.010084635772731866,15.376079402880722,0.010975074520257474,0.017740243513669287
304,0.25,0.001,0.012709779702545552,0.010043915578823412,14.93950174524543,0.01066345592094606,0.01680930836924485
305,0.25,0.001,0.012714561338672476,0.010016134328972758,15.121984779700805,0.01079370790842313,0.012933652981051378
306,0.25,0.001,0.012640982945815902,0.009961733619651098,15.014513150761637,0.010716997252506522,0.01565697050786444
307,0.25,0.001,0.01270016794291775,0.010022505157198129,15.005622503730688,0.010710651323148242,0.011497109064034053
308,0.25,0.001,0.01268250011326222,0.009977372153923752,15.159537244646737,0.010820511951924865,0.01149205703820501
309,0.25,0.001,0.01269576648313008,0.010060067880856857,14.770453920257225,0.010542793661853837,0.012510299017386777
310,0.25,0.001,0.01270213092813331,0.009972910846719581,15.294549834862185,0.01091688068155759,0.009530721298818077
311,0.25,0.001,0.01267212541836701,0.00997395601249143,15.120542669832037,0.010792678565190604,0.010401570171649967
312,0.25,0.001,0.012697452928326773,0.00999683973829398,15.13423629074954,0.01080245274143436,0.010389440626438175
313,0.25,0.001,0.012737504208690664,0.009982710053328047,15.437866232368384,0.011019176468499916,0.011573951159204756
314,0.25,0.001,0.012649020636349581,0.009933726020743338,15.216510736272577,0.010861178255726321,0.012118243213210787
315,0.25,0.001,0.012686245225035073,0.009977005034936278,15.182582111572952,0.01083696082196499,0.009957309014030866
316,0.25,0.001,0.012604768189151636,0.009911578550432506,15.092636200551237,0.01077275960067897,0.010535368296716894
317,0.25,0.001,0.012648154041740332,0.009941033853657459,15.170702467071877,0.010828481418323967,0.009713748137333564
318,0.25,0.001,0.01268245806352476,0.009964558501005843,15.231108770477638,0.010871597980355202,0.011686502423669611
319,0.25,0.001,0.01274162255687995,0.009978202018844947,15.486209050725016,0.011053682405942195,0.013589085478867804
320,0.25,0.001,0.012746385539348206,0.009995004503328478,15.41873932527692,0.01100552414366661,0.012147651320057256
321,0.25,0.001,0.012708250968978646,0.009992281314027443,15.22029510669494,0.010863879448033504,0.012408459958221232
322,0.25,0.001,0.012642202534702386,0.009926222430102612,15.220352432165253,0.010863920365571201,0.012068940592663628
323,0.25,0.001,0.012697585925376148,0.010005113890582926,15.088613844453619,0.010769888539938342,0.011943235461200987
324,0.25,0.001,0.012776725408568812,0.010052101508703795,15.268792598167162,0.010898495787414106,0.01723601935165269
325,0.25,0.001,0.012818812599845146,0.010143658665291379,14.991562487570087,0.010700615622819477,0.021891137451997826
326,0.25,0.001,0.012750162163309837,0.010018195967409717,15.309938572229964,0.010927864791027812,0.016416361555457115
327,0.25,0.001,0.012606374597114124,0.009959017981387926,14.83578731022524,0.01058942705940417,0.012141991672771317
328,0.25,0.001,0.012661288927696393,0.00992545811773351,15.331595963038755,0.010943323314089046,0.010802318475076131
329,0.25,0.001,0.012591038167141796,0.009862674398117522,15.289750090609775,0.010913454739907048,0.010956201037125928
330,0.25,0.001,0.012631181916326619,0.009890566676269086,15.358407755648152,0.010962460924802393,0.010512547700532846
331,0.25,0.001,0.012687308433350553,0.009925903654081768,15.47491219767024,0.011045618984775333,0.011231018895549434
332,0.25,0.001,0.012628424104847265,0.00989755370099558,15.303797396113364,0.010923481367675491,0.010856934823095798
333,0.25,0.001,0.012566021088971181,0.009872904011791342,15.09222857871752,0.010772468650048194,0.011952471786311694
334,0.25,0.001,0.012612982366359635,0.009946890535314432,14.940779105197178,0.01066436766966251,0.012611426413059235
335,0.25,0.001,0.012690207920968533,0.009945239936618992,15.3828011116285,0.010979872313796218,0.01069466510255422
336,0.25,0.001,0.012624602739730578,0.009868909678097521,15.442905368162005,0.011022773282057106,0.009969088381954603
337,0.25,0.001,0.01263575175505006,0.010004071633886086,14.747935389400867,0.01052672047780219,0.01131107019526618
338,0.25,0.001,0.012629365029462268,0.009848722346713034,15.582721219437845,0.011122570463553066,0.009914150860692774
339,0.25,0.001,0.012646520744716184,0.009965157770457563,15.026357811488463,0.010725451685573493,0.014151725518916334
340,0.25,0.001,0.01263946480211917,0.009923635674326607,15.21950602799319,0.010863316222693212,0.01329071234379496
341,0.25,0.001,0.012706283027871272,0.009926142392868407,15.579909502522328,0.011120563527853197,0.00973177667973297
342,0.25,0.001,0.012643718392996306,0.009969282566747638,14.987538646312242,0.01069774350200731,0.013042493390717677
343,0.25,0.001,0.01261404346297966,0.009867684970076165,15.390593314438723,0.010985434200170395,0.014337577324892794
344,0.25,0.001,0.012669604493493445,0.009940242836398355,15.295343015435037,0.010917446834714515,0.01659529230424336
345,0.25,0.001,0.012546821399016327,0.009886048709073763,14.910970055655147,0.010643090689261347,0.014643724741680282
346,0.25,0.001,0.012630961052654835,0.009965333815538482,14.938174440619651,0.010662508522926231,0.014370302935796124
347,0.25,0.001,0.012598031483004602,0.009895750670955421,15.143582196182079,0.010809123623256301,0.011492376747940267
348,0.25,0.001,0.012576624981305573,0.009816931744807222,15.46532133295295,0.011038773256925732,0.010784122028521128
349,0.25,0.001,0.012647045633933518,0.009901054031895788,15.388537509789627,0.010983966816409441,0.010214252996125392
350,0.25,0.001,0.012561361562837376,0.009891119241463334,14.96403756516703,0.01068096899726412,0.008883008799914802
351,0.25,0.001,0.01253392074382707,0.009805690070216576,15.289004694477896,0.01091292269413126,0.009675434125321252
352,0.25,0.001,0.01254971195221617,0.009877116547039386,14.977223867780706,0.010690381061941975,0.00890932637932045
353,0.25,0.001,0.012605621397830127,0.00986817664560977,15.340640550249079,0.010949779122233461,0.011791434804243701
354,0.25,0.001,0.01255753892316912,0.009847217902876019,15.188639445787066,0.010841284400990055,0.01569635248077767
355,0.25,0.001,0.012773744508707791,0.010094354799791668,15.01529938772823,0.010717558449484818,0.025834247735994204
356,0.25,0.001,0.01259748117182027,0.009877454585741074,15.24302957727668,0.010880106764651449,0.016843780875205994
357,0.25,0.001,0.012585845198272988,0.009929131364889359,14.888223840949241,0.010626854989970907,0.013071277844054359
358,0.25,0.001,0.01260657939599471,0.009931970657676124,14.98850767157051,0.010698435168858322,0.012889133766293526
359,0.25,0.001,0.012611763011873438,0.009870775489743506,15.360493940717719,0.01096394999337453,0.014123539706426007
360,0.25,0.001,0.012586957965506596,0.009901000180522378,15.052107341637772,0.010743831078970572,0.014686273810054575
361,0.25,0.001,0.012515313056914994,0.009772397655198413,15.371297727006205,0.010971661475379162,0.010928037709423475
362,0.25,0.001,0.0126214407363467,0.009937957644964872,15.038239993406146,0.010733932900361275,0.012637171362127577
363,0.25,0.001,0.01260787925442283,0.009942522793589682,14.936656881182381,0.010661425325611979,0.011429742444306612
364,0.25,0.001,0.012619358280234123,0.009878768152400349,15.358267119761264,0.01096236054229926,0.012954365728156907
365,0.25,0.001,0.012607216663407476,0.009904565218459354,15.145659658882055,0.010810606466011459,0.014716292598417826
366,0.25,0.001,0.012588715438176407,0.009842556574789996,15.389474322286885,0.010984635490568797,0.014086575779531683
367,0.25,0.001,0.012648101718154517,0.009942195882623116,15.163896432083645,0.010823623434749212,0.014883345658225673
368,0.25,0.001,0.012568178590847535,0.009815510467029689,15.425952311312214,0.01101067259908081,0.012246082004691874
369,0.25,0.001,0.01258453701863463,0.009940160666540097,14.819085365466858,0.010577505614180483,0.010729684361389704
370,0.25,0.001,0.012580918516503291,0.00982333512537265,15.453497963808896,0.01103033402127687,0.01207824397299971
371,0.25,0.001,0.012561703222186377,0.009854925794296721,15.168781154075365,0.010827110031459933,0.012684448888259274
372,0.25,0.001,0.012592144651610529,0.009908003996262389,15.041925434584028,0.010736563479360478,0.012186657637357712
373,0.25,0.001,0.012482356455888641,0.009700800612401427,15.587838792265131,0.011126223263572542,0.009643226861953735
374,0.25,0.001,0.01255518619096681,0.009881810655587174,14.981596895282188,0.010693502423470513,0.01056822801807097
375,0.25,0.001,0.012511207351691268,0.009768229884126883,15.371645505240794,0.010971909711092643,0.009825062738465411
376,0.25,0.001,0.012524816529888115,0.009801570430732844,15.261071539460943,0.01089298468198497,0.011533141668353761
377,0.25,0.001,0.012449049537352631,0.00977656975430384,14.976575962881023,0.010689918603055692,0.010804487724921532
378,0.25,0.001,0.012446476864429672,0.009794689943030309,14.860614236553063,0.010607147920451865,0.009948811826429196
379,0.25,0.001,0.012516087272696281,0.009782804938012295,15.31731492803338,0.0109331298558411,0.009831730608961411
380,0.25,0.001,0.012487255467960003,0.009773940549054172,15.205416915122044,0.010853259753834435,0.009716063737869263
381,0.25,0.001,0.01255163165709276,0.009847586034807596,15.153472233890147,0.010816182893568985,0.010561901277729444
382,0.25,0.001,0.01247800120644355,0.009709275528537424,15.515938058060208,0.011074902254147185,0.009893961450351136
383,0.25,0.001,0.012526013564025417,0.009877140535397476,14.844285062725625,0.010595492550125356,0.01167839446238109
384,0.25,0.001,0.012495675057256489,0.009764030389487744,15.308138390873255,0.010926579865005892,0.012575030193797179
385,0.25,0.001,0.012559551975867722,0.009843140444979909,15.222769578655114,0.010865645666420495,0.011330638213881425
386,0.25,0.001,0.012601922257813845,0.009837224493535716,15.493366584349214,0.01105879128076318,0.010661561640777759
387,0.25,0.001,0.012633381740012196,0.009849044764309787,15.603424708762866,0.011137348114748655,0.01412595555718456
388,0.25,0.001,0.012501034450330092,0.009781966615844979,15.237655500347694,0.010876270878192502,0.013532603425639016
389,0.25,0.001,0.012517221625685021,0.009814662557472004,15.145140358571256,0.010810235801978055,0.009358879843992847
390,0.25,0.001,0.012555146912175618,0.009835325518434638,15.241878893134299,0.01087928543407159,0.013532289969069617
391,0.25,0.001,0.01252338569402025,0.009804625501542279,15.235934075344815,0.010875042166555899,0.013312100698905332
392,0.25,0.001,0.012497023327715611,0.009773548202735655,15.262355371539511,0.010893901050349401,0.011702520307153463
393,0.25,0.001,0.012516908726414267,0.00987589138277461,14.800260908148262,0.01056406917069826,0.012865838860826833
394,0.25,0.001,0.012508080414171969,0.00977478763402513,15.317373228608892,0.010933171469385362,0.012727055964725358
395,0.25,0.001,0.012550521964270077,0.009811776715299387,15.347928683677416,0.010954981216043838,0.013711445166596345
396,0.25,0.001,0.01250865947287739,0.009753910414455981,15.437614436631792,0.011018996742777867,0.013414820257042135
397,0.25,0.001,0.012526050800185526,0.009816354680597113,15.185138130187989,0.010838785246386859,0.011745602092040437
398,0.25,0.001,0.012463671059002368,0.009768840055284875,15.101833034901137,0.010779324079158556,0.011935311236551829
399,0.25,0.001,0.012446892142212123,0.00976664178868693,15.020123276014006,0.010721001624563888,0.010305106772908143
400,0.25,0.001,0.012492780270201436,0.009763498397104525,15.294895440005185,0.010917127366170724,0.011713831685483456
401,0.25,0.001,0.012464485451411666,0.009796357996175798,14.952186447315002,0.01067250995525696,0.012323845443981034
402,0.25,0.001,0.012484403145028635,0.00981898931472489,14.93697907737132,0.010661655301478458,0.012869452126324177
403,0.25,0.001,0.012459335947053486,0.009801845097642266,14.892579198687264,0.010629963739248582,0.010412875562906265
404,0.25,0.001,0.01246490256044637,0.009789693047909925,14.991873850447409,0.010700837866129485,0.012460846453905106
405,0.25,0.001,0.012518779747188092,0.009800599159651927,15.232684626204245,0.01087272278815435,0.010258657458637441
406,0.25,0.001,0.012422186550631951,0.009671722802469569,15.41359965935182,0.011001855574126924,0.014631190204194613
407,0.25,0.001,0.012536496794625615,0.00987216816440727,14.930897909871648,0.010657314710829157,0.014482212851622276
408,0.25,0.001,0.012597728491331754,0.00980447559418638,15.653389399239186,0.01117301170538129,0.016909583139100244
409,0.25,0.001,0.012563160593422612,0.009857315187122715,15.16355855277415,0.010823382264649644,0.016012804050530707
410,0.25,0.001,0.012615356062737743,0.00982106550900119,15.65920425586486,0.011177162209753648,0.018349156581929753
411,0.25,0.001,0.01256126764575752,0.009849224953252947,15.198287162352145,0.01084817070831702,0.01587283584688391
412,0.25,0.001,0.012585442040241167,0.009868540028842647,15.225518860977687,0.010867608037814195,0.012081880388515336
413,0.25,0.001,0.012508564295895983,0.009733185712038801,15.55322165542774,0.011101514386458058,0.010320915840566158
414,0.25,0.001,0.012422903057899368,0.009687421372516101,15.329640369200975,0.010941927458387563,0.011669442057609558
415,0.25,0.001,0.012407793531591972,0.009726539551374617,15.025746971301817,0.010725015682585166,0.012571282152618681
416,0.25,0.001,0.012479893266736122,0.009762283422973719,15.22948544105787,0.010870439286979207,0.011287655681371689
417,0.25,0.001,0.012450644593644008,0.009715862739621923,15.325716777330035,0.01093912689316919,0.01015296731410282
418,0.25,0.001,0.012498839057228539,0.009715987762875772,15.595099477017863,0.011131405765180487,0.011284957041165658
419,0.25,0.001,0.01246236509779531,0.009778344258666038,15.041253184200672,0.010736083643255297,0.009835372945027692
420,0.25,0.001,0.012564165168180225,0.009834067245129119,15.29946837693118,0.01092039141822354,0.011933843206082071
421,0.25,0.001,0.012533204943946238,0.009741305434301998,15.645805223872152,0.011167598303977268,0.012591664147164141
422,0.25,0.001,0.01248872433736753,0.009759544022381305,15.294325751401065,0.010916720736189196,0.010282351901488644
423,0.25,0.001,0.012491780611571301,0.009726439663365985,15.496970920348435,0.011061363968842566,0.010432100987860135
424,0.25,0.001,0.012412408661892575,0.009707482259594993,15.158408059966698,0.01081970596714254,0.011999951276396002
425,0.25,0.001,0.012498657765348305,0.009800697283379817,15.119370473368784,0.010791841879635106,0.01522920826183898
426,0.25,0.001,0.012482007676630878,0.00977385120905852,15.17650921210814,0.010832626132839501,0.013263734855822154
427,0.25,0.001,0.012506308877484853,0.009746750791588526,15.464564304137498,0.011038232908021056,0.011125946683543069
428,0.25,0.001,0.012408216910834392,0.009650743928518188,15.452878994888135,0.011029892216194243,0.01207314764282533
429,0.25,0.001,0.01249433717366015,0.009790660361393115,15.151405743802531,0.010814707882799809,0.012379322334059648
430,0.25,0.001,0.012428227828794651,0.009666164457965433,15.47860254223427,0.011048253063693269,0.011393538343587093
431,0.25,0.001,0.012483501137140092,0.009776250716675533,15.171432203657172,0.0108290022866932,0.012756029010883399
432,0.25,0.001,0.012388978741560759,0.00968114495528548,15.174700477685821,0.010831335101845696,0.010980513345982348
433,0.25,0.001,0.012389295022892818,0.009695319270484903,15.097039248434346,0.010775902390031653,0.012188068458012171
434,0.25,0.001,0.01237214496673158,0.00967940850329868,15.090095708611306,0.010770946258823202,0.009775459234203612
435,0.25,0.001,0.012430194346757416,0.00970452960287587,15.274625613180438,0.010902659252805452,0.0144039069169334
436,0.25,0.001,0.012372239381912049,0.009690091162501427,15.030758763431164,0.010728592978894478,0.0126205568334886
437,0.25,0.001,0.01250403489750088,0.009770792065544074,15.317093216971065,0.010932971603833736,0.014974710398486682
438,0.25,0.001,0.012380698421614223,0.009642614057978217,15.344224968385161,0.01095233759342267,0.011047058472675937
439,0.25,0.001,0.012463455383529824,0.009769021905958653,15.099605466006848,0.010777734094223303,0.011077230064464467
440,0.25,0.001,0.01247275351975741,0.009717507283674197,15.440400340048114,0.011020985253424778,0.011466112919151783
441,0.25,0.001,0.01244039579891087,0.009699048585352603,15.362509376011538,0.010965388562463624,0.01284206977912358
442,0.25,0.001,0.012420984845231757,0.009681617376509678,15.35141515838966,0.010957469777580057,0.012396959321839469
443,0.25,0.001,0.01244892921256885,0.009717376894328032,15.307618533359484,0.01092620880325445,0.01211793374802385
444,0.25,0.001,0.01240584065488885,0.009674204739459446,15.308088094732735,0.010926543964834215,0.011035330593585968
445,0.25,0.001,0.012404506276832537,0.00967713850184103,15.284169122074427,0.010909471179210869,0.008864491379686765
446,0.25,0.001,0.012391958398263106,0.0096584579813179,15.3185376692354,0.010934002619011706,0.0099994173007352
447,0.25,0.001,0.012514726118592733,0.009736552020388372,15.568887907735418,0.011112696579397157,0.012127251231244631
448,0.25,0.001,0.012384836405013384,0.009678150031171487,15.168269849627206,0.010826745074680375,0.010741965978273324
449,0.25,0.001,0.012499130462829987,0.009796655033662748,15.144673201743137,0.010809902356704594,0.014521854131349496
450,0.25,0.001,0.012449226239591502,0.00965256393374352,15.672494871160957,0.011186648730307606,0.015607828008277076
451,0.25,0.001,0.01240561804158634,0.009703967724455876,15.14004932146394,0.010806601942515303,0.012994627534810985
452,0.25,0.001,0.012412364630216962,0.009708131786979986,15.15451969618208,0.010816930546882283,0.011076957386519228
453,0.25,0.001,0.012341093010363284,0.009655417039404424,15.050529070650594,0.010742704547216698,0.012845093384385109
454,0.25,0.001,0.01234981594502591,0.00958239341552338,15.508636877509986,0.011069690847615977,0.009293688461184502
455,0.25,0.001,0.012407735743549433,0.009716473869309666,15.081830937674876,0.010765047064721539,0.01025312699909721
456,0.25,0.001,0.012399192868072666,0.009656647544647201,15.369223601094792,0.010970181014343177,0.011973993453596319
457,0.25,0.001,0.01238490179850814,0.0097090894042441,14.995252909285298,0.010703249756806065,0.011780257203749247
458,0.25,0.001,0.01246956747360109,0.009692532661255826,15.562503371077977,0.01110813945116201,0.011725180250193392
459,0.25,0.001,0.012458365590552266,0.009728165004360542,15.300044166907835,0.010920802403217585,0.011898547277918883
460,0.25,0.001,0.012369179838661398,0.009591634887574094,15.565362107351925,0.011110179948145556,0.01274690790367978
461,0.25,0.001,0.012398663094120748,0.009733356610777674,14.93637851329332,0.010661226633328566,0.011496511687125479
462,0.25,0.001,0.012400012371245396,0.009588997074392404,15.752930763330353,0.011244061929571987,0.012339738995901175
463,0.25,0.001,0.012407687287568376,0.009694088133198492,15.207010933522428,0.01085439752571194,0.01177610709731068
464,0.25,0.001,0.012364426694726677,0.00966984277193466,15.100448640544762,0.010778335931866355,0.012201891679848944
465,0.25,0.001,0.01231734324455931,0.009587190808791123,15.299774412090859,0.01092060985873723,0.010525661653706006
466,0.25,0.001,0.012454393296764139,0.00970452901059657,15.410238454582986,0.010999456427254094,0.014542592290256704
467,0.25,0.001,0.012425918684581693,0.009696889597545848,15.293479225072968,0.010916116506119178,0.0162536601669022
468,0.25,0.001,0.012438204001342313,0.00972032245206699,15.23100796388776,0.010871526027043369,0.012442848911242825
469,0.25,0.001,0.012368350653919611,0.00968782351969668,15.021673860442773,0.010722108394320324,0.011335293496293681
470,0.25,0.001,0.0123981025069952,0.009663403270703353,15.3252537073714,0.010938796365004569,0.010827606676944665
471,0.25,0.001,0.012392166518512066,0.00964097079684895,15.417700338899419,0.011004782540256544,0.013984850873904569
472,0.25,0.001,0.012422997265886724,0.00974498950782117,15.007556293787582,0.01071203161583696,0.0144008801185659
473,0.25,0.001,0.012364368387654926,0.009600286600127649,15.48991383327527,0.011056326790346375,0.010192375763186387
474,0.25,0.001,0.012389320078609364,0.009655230764425203,15.321837305218986,0.01093635781957101,0.011434899243925298
475,0.25,0.001,0.012400917311230402,0.009652268543337169,15.403427539782578,0.010994594960587136,0.010925925070686
476,0.25,0.001,0.012396659639276815,0.009646922029722272,15.409530093160908,0.010998950815960676,0.014102550356515817
477,0.25,0.001,0.01236975331152423,0.009658566966987728,15.193487868148289,0.010844745087900277,0.01198044405984027
478,0.25,0.001,0.012467266296905078,0.009726720805583376,15.358015780502491,0.010962181142400065,0.016317063011229038
479,0.25,0.001,0.01242188952779502,0.0096804745202319,15.362889913494667,0.010965660180938377,0.012166706179933888
480,0.25,0.001,0.012298137707154403,0.009563917649930783,15.322570517893588,0.010936881169088928,0.011237928244684423
481,0.25,0.001,0.01238926960301868,0.00962769173169404,15.475881486528376,0.01104631083977757,0.010428767784365587
482,0.25,0.001,0.012345620663313383,0.009553826464277305,15.645213922222009,0.011167176247124917,0.008281514048576355
483,0.25,0.001,0.012465348500716553,0.00977937499417013,15.052196969878807,0.010743895053446686,0.012394730666918414
484,0.25,0.001,0.012357354915460174,0.009558055510095666,15.687273835600092,0.011197197598572513,0.015481456049851008
485,0.25,0.001,0.012389437339446517,0.009672460202755553,15.225940080706993,0.010867908694294784,0.013488807449383395
486,0.25,0.001,0.012344081092918856,0.00962615277660027,15.231271407309542,0.0108717140666021,0.010539170221558638
487,0.25,0.001,0.012435413078729356,0.009657948238126348,15.564912856026982,0.011109859283388281,0.011134854052215815
488,0.25,0.001,0.012398147354886103,0.009611158945670958,15.618282736017463,0.011147953416143799,0.010686051100492477
489,0.25,0.001,0.012395382136776207,0.009617666525536039,15.566318531250685,0.011110862620450168,0.009255899249442987
490,0.25,0.001,0.012405723973773838,0.00963979692857587,15.500255666154155,0.011063708541152144,0.011716071915413653
491,0.25,0.001,0.012353597912058402,0.009590815809251887,15.482631554764309,0.011051128875634766,0.011072294254388129
492,0.25,0.001,0.012330798520131057,0.00960931945801451,15.251168113879944,0.01088591585573158,0.014748620534581798
493,0.25,0.001,0.012381591254405761,0.009599911321080132,15.58853407656209,0.011126719540729543,0.017163291573524475
494,0.25,0.001,0.012403868176461606,0.009745281522444795,14.898719976189431,0.010634346878079537,0.01619456841477326
495,0.25,0.001,0.012415264848242985,0.009639574378059151,15.554968548892589,0.011102761276868371,0.013883602007159166
496,0.25,0.001,0.012322777585032281,0.009504140662343315,15.795642743485697,0.011274548710553674,0.010754037914531571
497,0.25,0.001,0.012403845816348376,0.00969722368283553,15.167909545041201,0.010826487897959458,0.012552168087235518
498,0.25,0.001,0.012324015233205275,0.009574313811288121,15.409326182590442,0.010998805269514949,0.011270206554659776
499,0.25,0.001,0.012335207696292507,0.009630461930810066,15.157395540730336,0.010818983255339283,0.010099468220557486
500,0.25,0.001,0.012390704082555316,0.009648957130698006,15.364749256948407,0.010966987335437835,0.00961072277277708
